montant_cible,duree_mois,wallet_solde,total_contributions,nb_contributions,pct_progres,avg_contrib,freq_contrib_mois,jours_depuis_debut,jours_sans_contrib,reste_a_atteindre,ratio_solde_cible,atteint,pct_final_predit,jours_restants
2372.33,6,7918.02,970.2,3,40.9,323.4,3.4877,254,79,1402.13,3.3377,1,55.06,29.1
5714.14,3,6621.21,5714.14,27,100.0,296.98,2.9249,296,82,0.0,1.1587,1,89.13,28.6
4445.56,12,5032.14,1774.6,5,39.92,354.92,3.0084,364,41,2670.96,1.1319,1,40.71,0.3
3672.22,6,5598.1,573.0,25,15.6,22.92,2.2759,794,16,3099.22,1.5244,0,25.48,730.0
1104.91,3,7220.1,1104.91,26,100.0,68.45,2.3802,485,190,0.0,6.5346,1,79.84,0.0
1104.77,24,2361.7,1104.77,22,100.0,437.09,0.6212,92,172,0.0,2.1377,1,74.65,0.0
536.88,9,9963.71,536.88,26,100.0,347.24,1.8311,119,6,0.0,18.5585,1,85.9,0.0
5223.82,18,9750.45,296.84,4,5.68,74.21,1.858,199,154,4926.98,1.8665,0,14.73,730.0
3686.47,24,6538.22,3686.47,24,100.0,424.2,3.8381,809,9,0.0,1.7736,1,85.32,16.6
4306.82,3,2075.47,272.54,2,6.33,136.27,1.7812,260,33,4034.28,0.4819,0,16.51,487.3
319.39,24,6834.26,0.0,0,0.0,0.0,0.0,733,35,319.39,21.3979,0,0.0,730.0
5825.48,9,814.76,269.07,3,4.62,89.69,2.1797,300,152,5556.41,0.1399,0,17.18,730.0
5028.17,3,403.46,5028.17,24,100.0,360.85,2.5834,654,5,0.0,0.0802,1,88.12,22.9
1431.57,24,2651.06,1431.57,19,100.0,340.09,3.0181,210,151,0.0,1.8519,1,81.25,0.0
1254.58,18,4679.97,121.33,1,9.67,121.33,0.9777,806,145,1133.25,3.7303,0,7.29,306.6
1263.75,18,8695.9,1263.75,25,100.0,434.43,2.162,335,133,0.0,6.881,1,80.54,0.0
1964.61,6,7298.97,1964.61,29,100.0,212.63,3.3211,520,28,0.0,3.7152,1,85.14,0.0
3243.59,24,7452.79,3243.59,29,100.0,160.41,1.9061,418,125,0.0,2.2977,1,85.37,0.0
2705.28,12,4312.38,372.48,4,13.77,93.12,1.186,616,152,2332.8,1.5941,0,10.9,664.9
1889.13,24,3524.76,295.52,2,15.64,147.76,2.6534,799,182,1593.61,1.8658,0,29.21,149.9
3748.75,3,3773.28,855.96,28,22.83,30.57,3.3127,846,80,2892.79,1.0065,0,34.3,730.0
1009.06,3,9877.73,1009.06,27,100.0,299.96,0.3462,517,173,0.0,9.789,1,77.58,0.0
1894.44,24,497.08,1894.44,28,100.0,424.27,3.1295,740,151,0.0,0.2624,1,86.52,9.7
2324.9,9,8683.61,2268.08,8,97.56,283.51,3.3044,610,74,56.82,3.735,1,84.86,0.0
2845.21,18,5828.89,2379.75,19,83.64,125.25,1.8999,81,25,465.46,2.0487,1,65.36,0.0
4754.02,3,4442.29,180.8,5,3.8,36.16,3.9349,256,126,4573.22,0.9344,0,22.56,730.0
1358.11,18,7280.05,1358.11,17,100.0,123.02,3.1682,650,114,0.0,5.3604,1,85.57,0.0
3182.56,3,4918.02,1098.7,5,34.52,219.74,3.1173,733,125,2083.86,1.5453,1,34.23,22.5
3636.0,6,8746.89,3636.0,18,100.0,384.61,3.0166,864,27,0.0,2.4056,1,76.42,0.0
469.41,12,9016.95,469.41,27,100.0,110.16,0.6874,617,130,0.0,19.2091,1,74.19,41.2
3723.76,3,4275.04,3723.76,11,100.0,365.5,0.9472,596,74,0.0,1.148,1,61.87,0.0
1189.04,18,2840.6,1189.04,24,100.0,436.13,1.9096,575,165,0.0,2.389,1,74.86,0.0
577.3,6,5964.27,577.3,10,100.0,237.89,1.1296,353,188,0.0,10.3313,1,66.53,0.0
5703.54,3,9132.4,414.29,1,7.26,414.29,1.7194,63,77,5289.25,1.6012,0,13.02,183.1
5800.67,9,2185.56,4007.36,14,69.08,286.24,3.565,739,178,1793.31,0.3768,1,67.21,0.0
4888.7,12,6267.37,3583.8,11,73.31,325.8,3.3149,537,89,1304.9,1.282,1,72.46,0.0
1966.76,3,6352.45,1966.76,11,100.0,272.61,2.5572,620,175,0.0,3.2299,1,86.43,0.0
766.5,6,7357.82,766.5,8,100.0,242.32,3.4467,541,20,0.0,9.5992,1,81.09,0.0
4168.55,9,1402.52,2652.6,20,63.63,132.63,3.1567,567,53,1515.95,0.3365,1,57.97,6.7
2752.88,24,7186.67,2752.88,23,100.0,165.53,1.773,202,183,0.0,2.6106,1,95.9,0.0
907.82,6,9099.42,159.19,1,17.54,159.19,0.8842,67,102,748.63,10.0234,0,15.46,165.5
3072.03,6,1878.86,3072.03,21,100.0,290.38,2.1054,446,58,0.0,0.6116,1,73.22,0.0
399.45,9,2451.68,155.16,2,38.84,77.58,2.9713,120,71,244.29,6.1376,0,39.49,46.1
5474.06,6,9716.81,5060.66,11,92.45,460.06,1.802,138,178,413.4,1.7751,1,69.68,11.9
1700.92,9,1891.67,1700.92,27,100.0,365.91,2.7004,858,19,0.0,1.1121,1,79.24,0.0
4042.63,3,8558.41,4042.63,29,100.0,212.69,0.4679,715,111,0.0,2.117,1,66.64,10.7
2007.92,9,4973.55,2007.92,25,100.0,96.14,3.0172,861,58,0.0,2.477,1,83.0,0.0
3216.39,9,2547.59,3216.39,15,100.0,443.36,3.2696,335,70,0.0,0.7921,1,84.48,0.0
3370.92,12,8720.42,3370.92,20,100.0,415.41,2.8567,17,136,0.0,2.587,1,77.36,18.1
1272.16,9,4508.52,1272.16,27,100.0,366.43,3.8723,38,108,0.0,3.544,1,90.08,0.0
5823.59,9,5196.69,3457.82,23,59.38,150.34,3.3239,121,128,2365.77,0.8924,1,59.15,17.9
4695.77,24,3656.41,4695.77,25,100.0,213.17,3.6221,682,156,0.0,0.7787,1,89.22,6.5
5649.09,3,5970.21,2010.28,29,35.59,69.32,3.7409,140,190,3638.81,1.0568,1,37.01,0.0
5390.0,12,1718.89,0.0,0,0.0,0.0,0.0,197,199,5390.0,0.3189,0,0.78,692.5
3667.82,24,3971.71,3667.82,20,100.0,395.85,2.7296,684,55,0.0,1.0829,1,71.45,30.8
5546.87,18,9697.18,726.44,2,13.1,363.22,0.1223,718,195,4820.43,1.7482,0,8.37,722.7
713.26,3,2655.52,713.26,19,100.0,304.87,1.9167,484,34,0.0,3.7231,1,79.79,12.7
1336.7,3,6601.69,449.95,1,33.66,449.95,2.3275,373,122,886.75,4.9388,0,41.07,23.1
462.32,18,3319.38,462.32,8,100.0,299.97,1.2857,213,130,0.0,7.1798,1,74.39,0.0
2086.92,9,7757.38,2086.92,18,100.0,244.14,1.3406,221,103,0.0,3.7171,1,76.42,3.9
2454.33,24,1395.65,2454.33,14,100.0,183.38,3.8485,630,6,0.0,0.5686,1,94.6,0.5
1773.82,6,9701.23,1773.82,17,100.0,471.42,3.5777,285,26,0.0,5.4691,1,83.92,0.0
5006.68,12,4592.52,1492.5,25,29.81,59.7,3.4118,82,0,3514.18,0.9173,0,61.31,516.5
2269.17,6,2436.9,2269.17,10,100.0,466.83,1.6834,688,198,0.0,1.0739,1,79.24,8.5
1829.42,18,827.62,1829.42,24,100.0,416.82,0.1534,781,171,0.0,0.4524,1,60.06,10.0
3347.64,3,1780.6,1812.14,22,54.13,82.37,0.4129,252,86,1535.5,0.5319,0,28.99,730.0
1017.36,3,5245.76,1017.36,15,100.0,291.19,1.3176,796,40,0.0,5.1562,1,70.58,12.4
4852.74,12,3436.33,4852.74,21,100.0,435.94,0.1614,111,122,0.0,0.7081,1,71.93,0.0
632.39,3,8305.95,632.39,16,100.0,294.47,0.1669,694,74,0.0,13.1342,1,66.25,44.5
5923.94,3,4365.79,1821.84,4,30.75,455.46,3.6748,180,41,4102.1,0.737,0,30.92,103.2
4679.02,12,2562.27,4679.02,11,100.0,472.63,2.854,662,116,0.0,0.5476,1,81.24,15.2
1352.55,24,6209.74,1352.55,10,100.0,222.74,1.3049,197,160,0.0,4.5911,1,72.82,0.0
232.03,24,7097.09,232.03,29,100.0,201.11,0.6173,450,177,0.0,30.5869,1,56.63,12.1
4929.68,12,1753.71,4929.68,14,100.0,469.43,2.0954,95,62,0.0,0.3557,1,77.69,0.0
4299.77,18,1759.43,4299.77,26,100.0,344.07,0.1209,485,164,0.0,0.4092,1,60.66,0.0
4428.24,3,463.05,151.38,2,3.42,75.69,3.7598,61,186,4276.86,0.1046,0,15.6,443.6
4673.37,3,7390.38,0.0,0,0.0,0.0,0.0,120,126,4673.37,1.5814,0,8.02,712.6
629.46,18,6671.66,629.46,19,100.0,291.02,1.6691,886,175,0.0,10.599,1,69.73,10.1
2279.1,24,4798.85,2279.1,28,100.0,466.48,1.6233,863,132,0.0,2.1056,1,71.4,32.3
872.04,9,8457.29,872.04,15,100.0,425.24,0.3704,52,47,0.0,9.6983,1,63.82,16.5
5206.0,9,8076.13,344.41,1,6.62,344.41,2.5895,220,2,4861.59,1.5513,0,27.85,218.8
3815.13,9,5895.01,86.78,1,2.27,86.78,2.9587,209,115,3728.35,1.5452,0,28.06,404.6
2119.21,24,8695.89,284.06,2,13.4,142.03,2.7369,819,174,1835.15,4.1034,0,19.15,131.5
568.64,24,2137.83,568.64,7,100.0,440.25,0.6399,867,189,0.0,3.7595,1,67.31,0.0
2003.7,18,1208.0,2003.7,23,100.0,107.75,2.3575,761,98,0.0,0.6029,1,79.75,24.6
2086.06,3,2770.52,2086.06,27,100.0,153.65,2.321,636,115,0.0,1.3281,1,74.58,0.0
4431.72,18,665.16,1150.94,14,25.97,82.21,3.4868,35,13,3280.78,0.1501,0,36.19,347.1
3897.83,18,5358.58,2067.18,6,53.03,344.53,1.5786,308,190,1830.65,1.3748,1,46.91,12.7
5345.83,24,9372.4,2365.55,5,44.25,473.11,1.5488,86,111,2980.28,1.7532,0,34.28,92.9
2938.85,9,489.5,1192.8,8,40.59,149.1,2.5123,146,60,1746.05,0.1666,0,39.76,127.4
893.65,6,1308.89,893.65,19,100.0,248.2,2.569,29,158,0.0,1.4647,1,78.26,19.9
4336.82,3,4576.77,4336.82,27,100.0,324.48,1.9302,449,94,0.0,1.0553,1,76.06,0.0
4612.55,24,9345.36,0.0,0,0.0,0.0,0.0,220,16,4612.55,2.0261,0,1.22,695.7
3455.41,9,3229.95,492.17,7,14.24,70.31,2.0272,761,123,2963.24,0.9348,0,24.35,605.7
4671.61,6,5121.62,4671.61,22,100.0,259.31,3.4581,560,23,0.0,1.0963,1,95.44,0.0
3064.01,6,511.57,3064.01,22,100.0,204.86,1.8986,444,115,0.0,0.167,1,63.1,3.3
3231.85,24,1568.6,871.18,2,26.96,435.59,3.7657,789,150,2360.67,0.4854,0,39.28,41.8
2679.74,12,9867.64,745.38,3,27.82,248.46,2.0656,216,81,1934.36,3.6823,0,23.65,100.8
347.43,3,9654.68,347.43,25,100.0,73.27,3.8019,448,49,0.0,27.7888,1,85.88,18.8
825.77,6,148.91,825.77,24,100.0,324.52,3.348,788,78,0.0,0.1803,1,89.49,0.0
382.29,24,9522.94,382.29,14,100.0,389.97,1.5135,675,78,0.0,24.9103,1,80.07,4.2
3891.18,24,6427.29,106.9,5,2.75,21.38,3.4682,51,69,3784.28,1.6518,0,28.82,718.8
2023.26,9,8692.39,2023.26,14,100.0,432.3,0.5292,420,26,0.0,4.2962,1,74.35,30.2
3149.71,12,4601.92,2185.8,20,69.4,109.29,3.7077,532,14,963.91,1.4611,1,66.49,0.0
5463.89,3,5204.4,569.98,2,10.43,284.99,2.5634,815,49,4893.91,0.9525,0,29.15,202.5
1645.89,18,4939.58,1645.89,24,100.0,219.58,0.3121,619,35,0.0,3.0012,1,74.86,20.7
2580.22,9,6701.96,2580.22,20,100.0,365.43,2.6126,436,7,0.0,2.5974,1,81.37,5.6
4582.2,6,1482.55,3963.2,20,86.49,198.16,3.8996,284,78,619.0,0.3235,1,85.5,5.1
1527.03,6,396.74,1527.03,13,100.0,437.49,0.3722,457,130,0.0,0.2598,1,67.44,0.0
646.48,9,3148.51,646.48,19,100.0,370.64,2.2633,893,189,0.0,4.8702,1,85.63,13.6
1880.56,24,7076.34,1880.56,13,100.0,330.9,3.0164,751,46,0.0,3.7629,1,82.29,1.1
1135.08,6,2098.35,1135.08,3,100.0,402.2,3.26,378,104,0.0,1.8486,1,81.51,10.8
5592.25,12,6766.98,4201.23,11,75.13,381.93,1.7139,229,97,1391.02,1.2101,1,53.52,3.7
4887.1,3,9702.13,596.0,16,12.2,37.25,0.8962,586,95,4291.1,1.9853,0,12.44,718.8
3873.74,12,1029.62,1256.82,6,32.44,209.47,0.2651,876,188,2616.92,0.2658,0,23.1,730.0
5254.47,6,6758.76,3734.32,8,71.07,466.79,2.3609,241,159,1520.15,1.2863,1,55.63,4.0
4861.3,18,4493.13,160.7,2,3.31,80.35,1.8664,337,115,4700.6,0.9243,0,12.1,704.2
1282.11,3,8694.61,1282.11,27,100.0,373.81,3.8001,452,12,0.0,6.7815,1,85.17,26.2
5376.84,3,1853.78,5376.84,12,100.0,487.8,0.3364,61,0,0.0,0.3448,1,69.63,0.0
3328.19,9,6957.0,630.84,14,18.95,45.06,2.773,895,33,2697.35,2.0903,0,34.13,665.6
4883.15,9,8397.34,4883.15,17,100.0,347.45,0.1974,385,189,0.0,1.7197,1,72.24,29.7
5397.33,18,9451.68,4404.78,18,81.61,244.71,0.7686,272,78,992.55,1.7512,1,62.82,0.0
2044.42,24,6864.16,0.0,0,0.0,0.0,0.0,276,77,2044.42,3.3575,0,0.0,727.5
838.3,3,5022.03,304.8,5,36.36,60.96,1.874,368,120,533.5,5.9907,0,34.77,135.8
1522.02,18,6216.69,1056.64,26,69.42,40.64,2.7742,326,92,465.38,4.0845,1,56.45,0.0
2677.23,9,8702.16,2677.23,26,100.0,340.1,3.6498,333,97,0.0,3.2504,1,88.97,36.6
4944.49,9,5749.04,4944.49,22,100.0,415.19,2.5922,675,81,0.0,1.1627,1,81.4,0.0
5192.24,3,400.83,5192.24,26,100.0,395.37,3.8188,879,198,0.0,0.0772,1,100.0,0.0
240.32,12,9316.39,240.32,26,100.0,281.03,3.5383,887,158,0.0,38.7666,1,91.67,30.1
3162.33,6,6926.31,67.94,1,2.15,67.94,2.3795,661,191,3094.39,2.1903,0,17.25,567.8
2620.98,9,6797.48,2620.98,23,100.0,350.26,3.3518,572,152,0.0,2.5935,1,84.9,0.0
1488.23,24,2235.18,1488.23,13,100.0,136.11,2.6061,638,37,0.0,1.5019,1,85.64,5.3
895.22,24,6622.97,895.22,5,100.0,457.31,0.4064,430,13,0.0,7.3981,1,62.86,16.1
2158.17,9,3999.26,2158.17,13,100.0,422.37,2.9882,55,135,0.0,1.8531,1,88.63,0.0
5668.88,12,6547.21,1081.5,3,19.08,360.5,0.4701,830,90,4587.38,1.1549,0,9.79,730.0
2074.58,12,1155.27,2074.58,20,100.0,475.45,2.4169,609,53,0.0,0.5569,1,76.69,0.0
3208.99,18,6612.67,245.56,7,7.65,35.08,2.8403,729,129,2963.43,2.0607,0,12.82,703.6
4277.51,24,9994.2,4277.51,29,100.0,373.38,0.3595,898,100,0.0,2.3365,1,70.23,0.0
2309.05,18,577.3,357.04,2,15.46,178.52,1.0001,278,88,1952.01,0.25,0,17.3,339.8
5836.34,24,9774.02,5836.34,18,100.0,454.91,3.6711,610,55,0.0,1.6747,1,84.22,15.2
5782.19,6,4128.39,4292.0,29,74.23,148.0,2.5036,390,93,1490.19,0.714,1,58.63,0.0
1660.34,6,8720.46,1660.34,13,100.0,367.93,1.0605,127,92,0.0,5.2522,1,78.26,14.5
3084.04,3,7845.62,3084.04,26,100.0,441.27,2.7937,575,83,0.0,2.5439,1,81.09,3.3
1945.09,18,5713.46,760.0,19,39.07,40.0,2.4274,125,84,1185.09,2.9374,0,36.12,348.6
1852.07,9,7410.65,1852.07,16,100.0,210.87,2.0561,639,188,0.0,4.0013,1,86.95,0.0
413.94,18,8797.3,413.94,24,100.0,385.91,3.9071,269,21,0.0,21.2526,1,85.16,4.6
3735.47,9,4100.99,1668.52,7,44.67,238.36,2.7655,84,34,2066.95,1.0979,1,51.32,25.8
3115.54,12,3337.63,3115.54,23,100.0,148.28,1.5642,489,15,0.0,1.0713,1,68.63,0.7
498.58,18,6709.17,498.58,13,100.0,125.51,3.2203,314,49,0.0,13.4566,1,82.55,0.0
1816.15,12,8097.67,1816.15,25,100.0,83.13,3.5499,16,121,0.0,4.4587,1,88.81,0.0
5467.94,6,7646.62,2157.1,5,39.45,431.42,0.5884,375,127,3310.84,1.3984,0,28.88,421.9
1589.46,6,7998.36,1589.46,22,100.0,296.17,0.8822,643,112,0.0,5.0321,1,71.51,20.8
1040.39,3,4412.27,1040.39,21,100.0,56.66,0.9433,532,170,0.0,4.241,1,67.97,6.0
3038.83,18,8196.56,3038.83,15,100.0,203.64,2.7957,357,16,0.0,2.6973,1,73.79,29.6
5916.77,12,1290.07,4716.24,24,79.71,196.51,2.4519,447,79,1200.53,0.218,1,73.85,4.5
1603.92,9,5490.44,1603.92,18,100.0,107.23,2.5141,224,185,0.0,3.4231,1,77.7,0.0
4098.39,6,157.01,2977.52,13,72.65,229.04,3.769,438,129,1120.87,0.0383,1,71.28,11.1
4617.39,6,3313.4,3229.38,18,69.94,179.41,3.1261,800,131,1388.01,0.7176,1,67.73,0.0
1578.3,9,3727.97,368.14,2,23.33,184.07,0.599,507,84,1210.16,2.362,0,20.3,309.4
4423.65,12,4022.11,3372.57,9,76.24,374.73,1.4553,549,166,1051.08,0.9092,1,54.74,15.4
2333.14,12,6985.13,2289.06,18,98.11,127.17,1.798,756,93,44.08,2.9939,1,80.36,17.1
3867.37,18,3946.73,2624.72,8,67.87,328.09,1.6443,376,133,1242.65,1.0205,1,56.55,0.0
3874.47,18,4542.07,3874.47,27,100.0,293.91,2.7103,322,80,0.0,1.1723,1,82.26,0.0
3307.49,24,2451.69,3307.49,19,100.0,292.68,3.5784,547,68,0.0,0.7413,1,87.35,0.0
723.68,24,3795.19,723.68,12,100.0,338.24,1.2936,63,68,0.0,5.2443,1,81.17,0.0
5044.75,3,2349.97,1699.32,6,33.68,283.22,2.2523,550,147,3345.43,0.4658,0,31.76,166.9
2060.52,6,824.64,2060.52,13,100.0,442.04,3.1787,476,191,0.0,0.4002,1,86.15,1.0
1281.81,18,6074.14,1281.81,8,100.0,344.28,1.7233,874,15,0.0,4.7387,1,72.7,23.3
436.5,12,6715.31,436.5,26,100.0,282.54,0.7557,173,50,0.0,15.3844,1,59.85,6.3
3627.18,9,6232.95,3627.18,27,100.0,418.29,1.9523,791,104,0.0,1.7184,1,66.9,0.0
4129.87,12,4688.59,4129.87,22,100.0,310.95,0.3154,343,164,0.0,1.1353,1,61.82,0.0
296.21,6,3859.88,296.21,24,100.0,159.75,3.7753,556,196,0.0,13.0309,1,84.36,3.6
3170.14,24,8647.0,3170.14,27,100.0,119.41,0.3918,807,169,0.0,2.7276,1,78.22,0.0
1513.68,12,5238.91,1513.68,18,100.0,93.12,1.81,357,184,0.0,3.461,1,79.35,0.0
3942.0,3,4843.9,3942.0,14,100.0,451.74,2.1665,282,65,0.0,1.2288,1,81.94,0.0
1211.33,6,353.86,1211.33,19,100.0,360.87,3.9427,729,8,0.0,0.2921,1,85.47,0.0
4207.44,24,3478.35,4207.44,13,100.0,469.94,0.7475,759,106,0.0,0.8267,1,69.79,0.0
2443.07,9,3863.94,2443.07,23,100.0,309.58,0.5463,423,99,0.0,1.5816,1,79.81,0.0
5633.03,24,4048.35,1236.15,5,21.94,247.23,0.134,509,85,4396.88,0.7187,0,8.99,730.0
997.62,3,5843.71,973.2,20,97.55,48.66,0.7067,102,63,24.42,5.8577,1,69.93,22.9
2178.18,6,5382.67,2178.18,28,100.0,342.39,0.9084,694,21,0.0,2.4712,1,78.51,30.6
858.15,9,6118.26,858.15,3,100.0,299.46,2.5593,88,161,0.0,7.1296,1,85.19,0.2
5563.22,3,7672.34,3467.1,7,62.32,495.3,0.9569,631,182,2096.12,1.3791,1,55.26,5.4
5288.57,24,8148.56,2156.8,16,40.78,134.8,0.18,226,156,3131.77,1.5408,0,28.65,730.0
1696.06,3,7209.42,1696.06,29,100.0,274.75,3.3238,367,165,0.0,4.2507,1,87.96,0.0
4027.91,6,9559.68,2659.68,8,66.03,332.46,1.5258,627,109,1368.23,2.3734,1,52.62,16.1
4939.89,18,280.5,0.0,0,0.0,0.0,0.0,516,96,4939.89,0.0568,0,2.67,730.0
3420.16,3,2038.2,3420.16,23,100.0,289.42,1.2797,568,17,0.0,0.5959,1,68.1,0.0
3271.97,3,174.87,3271.97,19,100.0,392.93,3.904,190,70,0.0,0.0534,1,92.39,27.7
1602.74,24,6510.0,1602.74,24,100.0,118.39,0.7635,585,192,0.0,4.0618,1,71.05,41.2
740.0,24,8990.5,740.0,13,100.0,368.3,3.6031,255,126,0.0,12.1493,1,86.93,15.6
5403.85,9,2510.47,3174.7,10,58.75,317.47,3.1295,253,96,2229.15,0.4646,1,65.7,11.9
5422.42,24,9277.64,5422.42,20,100.0,450.12,0.3983,515,0,0.0,1.711,1,74.06,0.0
3871.99,12,696.65,853.3,2,22.04,426.65,3.9482,431,131,3018.69,0.1799,0,44.05,75.1
2166.37,6,9350.92,1370.16,8,63.25,171.27,1.1583,329,3,796.21,4.3164,1,62.6,0.0
2225.42,6,3581.06,2225.42,26,100.0,152.59,0.4845,96,124,0.0,1.6092,1,72.18,7.4
4410.54,18,1104.07,4410.54,13,100.0,491.19,3.3343,226,81,0.0,0.2503,1,80.18,9.4
5403.24,18,4910.13,5403.24,29,100.0,273.09,2.856,499,26,0.0,0.9087,1,83.93,0.0
5345.1,6,2642.09,3640.64,8,68.11,455.08,2.5072,528,170,1704.46,0.4943,1,69.11,8.1
4723.28,18,2920.24,295.98,3,6.27,98.66,0.7083,287,58,4427.3,0.6183,0,0.0,730.0
3923.78,9,3142.17,3923.78,26,100.0,328.55,1.9661,858,31,0.0,0.8008,1,75.86,0.0
688.01,24,8049.96,688.01,3,100.0,408.73,3.1442,731,160,0.0,11.7004,1,89.68,0.0
1137.45,6,5437.7,1137.45,27,100.0,474.75,1.2841,178,27,0.0,4.7806,1,72.13,0.0
5411.61,18,3181.95,1273.44,7,23.53,181.92,1.3156,339,105,4138.17,0.588,0,27.24,500.8
3717.29,6,6142.3,367.99,1,9.9,367.99,0.1122,659,104,3349.3,1.6524,0,14.15,691.4
253.34,12,7189.89,253.34,8,100.0,278.63,0.7795,450,182,0.0,28.3804,1,70.84,3.2
788.53,3,2798.98,788.53,28,100.0,49.1,3.5141,400,187,0.0,3.5496,1,88.63,15.9
4048.31,24,4194.14,4048.31,13,100.0,351.2,1.8228,505,69,0.0,1.036,1,76.4,8.2
229.36,6,1306.67,229.36,21,100.0,351.25,3.9385,390,61,0.0,5.697,1,90.12,0.0
1132.69,3,1893.38,1132.69,8,100.0,466.69,1.6433,315,33,0.0,1.6716,1,85.37,0.0
3382.66,18,6843.07,3382.66,23,100.0,258.71,2.8892,751,86,0.0,2.023,1,82.02,5.4
4212.99,3,1896.24,2871.44,22,68.16,130.52,1.1995,829,113,1341.55,0.4501,1,49.74,0.0
3981.38,24,5299.12,620.85,15,15.59,41.39,1.5189,682,105,3360.53,1.331,0,24.46,703.4
1500.76,6,7119.56,1500.76,28,100.0,219.51,0.8438,522,55,0.0,4.744,1,65.85,0.0
4330.64,12,1158.08,4330.64,29,100.0,164.92,1.4535,757,112,0.0,0.2674,1,70.65,0.0
1576.04,18,5716.39,1576.04,16,100.0,385.32,2.2342,197,12,0.0,3.6271,1,75.36,8.2
2087.32,6,2639.97,2087.32,15,100.0,190.05,3.9679,525,183,0.0,1.2648,1,87.53,26.0
4529.65,24,9632.98,4529.65,29,100.0,475.55,2.6904,653,17,0.0,2.1266,1,80.08,52.0
3967.87,18,4887.1,3967.87,11,100.0,481.91,0.8771,436,181,0.0,1.2317,1,73.76,6.8
5125.5,9,8079.33,636.08,2,12.41,318.04,0.2753,511,112,4489.42,1.5763,0,8.01,730.0
4014.15,3,5547.24,4014.15,10,100.0,465.76,0.5928,739,170,0.0,1.3819,1,72.25,0.0
3496.19,24,529.78,3496.19,13,100.0,385.21,2.294,269,38,0.0,0.1515,1,83.08,0.0
743.31,9,6368.2,743.31,17,100.0,282.49,3.0841,522,188,0.0,8.5674,1,80.24,25.7
2332.75,6,9518.89,2131.0,20,91.35,106.55,3.7676,80,169,201.75,4.0805,1,86.2,0.0
1738.17,12,6055.96,1738.17,20,100.0,240.13,0.1617,487,78,0.0,3.4841,1,70.64,1.5
1615.14,18,8209.97,1156.88,4,71.63,289.22,2.1388,187,145,458.26,5.0831,1,50.59,24.5
5843.46,3,8853.64,5843.46,15,100.0,434.7,1.9364,466,150,0.0,1.5151,1,78.09,0.0
2479.97,18,2357.99,2479.97,19,100.0,251.04,2.6586,198,181,0.0,0.9508,1,78.42,30.0
5373.87,6,2199.24,1803.52,4,33.56,450.88,2.2824,300,29,3570.35,0.4092,0,42.02,115.5
3860.6,18,6148.71,687.38,2,17.81,343.69,2.7795,529,97,3173.22,1.5927,0,25.67,108.8
4809.91,3,4169.18,943.36,11,19.61,85.76,2.6665,774,57,3866.55,0.8668,0,22.05,494.3
3115.3,6,8414.63,0.0,0,0.0,0.0,0.0,301,195,3115.3,2.7011,0,0.0,730.0
3546.04,18,9010.23,3546.04,20,100.0,273.07,3.2189,765,66,0.0,2.5409,1,79.83,0.0
3056.6,12,3598.87,3056.6,28,100.0,208.09,0.5806,644,70,0.0,1.1774,1,72.73,9.4
1332.41,24,2445.02,1332.41,8,100.0,336.37,2.8243,820,145,0.0,1.835,1,77.9,0.0
4390.22,6,7827.2,2023.56,28,46.09,72.27,1.723,292,105,2366.66,1.7829,1,40.21,19.3
1828.48,24,2820.58,1828.48,8,100.0,325.54,2.104,553,6,0.0,1.5426,1,93.35,0.0
341.03,6,8243.88,341.03,3,100.0,259.15,3.6229,855,39,0.0,24.1735,1,92.23,40.8
3943.74,12,4295.01,430.4,2,10.91,215.2,3.5705,386,69,3513.34,1.0891,1,30.9,0.0
1227.24,24,6708.74,1227.24,16,100.0,477.45,3.2896,667,192,0.0,5.4665,1,84.1,0.0
5654.66,9,1045.8,270.82,1,4.79,270.82,2.0896,165,67,5383.84,0.1849,0,17.57,292.3
5732.79,3,6276.21,2879.14,23,50.22,125.18,2.9713,517,48,2853.65,1.0948,1,53.92,21.6
5506.21,9,4572.5,0.0,0,0.0,0.0,0.0,422,51,5506.21,0.8304,0,0.0,730.0
2346.92,18,5907.42,2346.92,7,100.0,461.31,3.4915,537,113,0.0,2.5171,1,90.21,3.3
289.65,12,1763.34,289.65,12,100.0,104.53,1.6708,364,106,0.0,6.0878,1,69.52,6.8
5584.25,9,7395.05,2699.4,22,48.34,122.7,3.8839,568,28,2884.85,1.3243,1,57.59,6.8
2683.47,6,8641.69,367.5,14,13.69,26.25,3.7361,772,148,2315.97,3.2203,1,25.78,0.0
5806.6,18,2245.72,187.67,7,3.23,26.81,2.9923,196,77,5618.93,0.3868,0,29.87,730.0
5789.0,18,1047.57,4599.21,11,79.45,418.11,1.1897,40,8,1189.79,0.181,1,62.6,0.0
5147.45,9,334.02,5147.45,21,100.0,371.42,0.6134,269,174,0.0,0.0649,1,60.9,0.0
1907.8,9,6455.52,1907.8,11,100.0,190.42,3.4333,430,75,0.0,3.3838,1,85.6,1.1
2433.57,12,6110.23,2433.57,13,100.0,355.19,0.7447,538,41,0.0,2.5108,1,66.86,0.0
5136.59,3,5512.3,2935.8,14,57.15,209.7,3.4316,560,178,2200.79,1.0731,1,54.54,15.9
2038.15,9,2396.28,2038.15,14,100.0,477.39,2.014,313,183,0.0,1.1757,1,77.82,8.9
1183.06,9,3969.97,1183.06,8,100.0,484.19,1.6856,48,178,0.0,3.3557,1,70.47,2.8
3429.45,24,5985.32,3429.45,18,100.0,208.54,3.6224,498,197,0.0,1.7453,1,90.54,0.0
5629.7,6,5017.99,5629.7,25,100.0,430.03,2.455,653,127,0.0,0.8913,1,83.25,0.5
4236.97,24,9879.08,4236.97,19,100.0,391.08,2.3488,551,19,0.0,2.3316,1,80.85,0.0
3506.35,24,1450.75,3506.35,28,100.0,168.8,2.2792,679,154,0.0,0.4137,1,78.58,4.4
763.62,18,6981.93,763.62,21,100.0,131.38,1.5476,287,165,0.0,9.1432,1,77.58,0.0
3767.04,3,4102.76,1679.65,7,44.59,239.95,3.164,212,71,2087.39,1.0891,1,51.92,10.5
5942.31,6,4339.18,5942.31,20,100.0,395.05,1.0859,75,64,0.0,0.7302,1,73.79,0.0
1012.49,12,7204.22,1012.49,18,100.0,480.88,3.7617,117,181,0.0,7.1153,1,81.01,8.6
3206.31,12,6955.12,1932.6,5,60.27,386.52,3.5865,277,112,1273.71,2.1692,1,56.75,15.9
5288.76,9,9913.43,5288.76,19,100.0,430.5,1.4162,231,23,0.0,1.8744,1,72.16,0.0
4496.46,9,1371.1,4496.46,24,100.0,309.47,2.9449,813,127,0.0,0.3049,1,75.29,0.0
4242.69,12,1130.69,4242.69,28,100.0,421.0,2.3356,539,174,0.0,0.2665,1,80.13,9.5
4274.41,9,7270.95,4274.41,18,100.0,396.52,1.4168,99,198,0.0,1.701,1,80.56,0.0
2285.05,3,5826.03,602.85,3,26.38,200.95,3.9552,702,82,1682.2,2.5496,0,47.14,85.7
1902.83,24,2814.19,1902.83,22,100.0,284.96,0.1984,264,62,0.0,1.4789,1,69.89,0.2
4894.29,9,886.25,2437.68,6,49.81,406.28,1.0853,464,184,2456.61,0.1811,0,42.53,164.8
4898.66,18,948.02,1136.97,27,23.21,42.11,2.1283,262,182,3761.69,0.1935,0,38.93,730.0
5229.02,9,8952.49,5229.02,27,100.0,407.88,2.1356,266,59,0.0,1.7121,1,82.03,9.7
5496.8,6,1999.49,316.17,3,5.75,105.39,2.3968,392,98,5180.63,0.3638,0,22.75,615.4
3165.79,3,3301.38,3165.79,21,100.0,267.05,3.0315,451,61,0.0,1.0428,1,75.99,17.6
3108.79,6,2343.9,3108.79,11,100.0,407.97,2.5316,867,29,0.0,0.754,1,86.85,0.0
4830.11,6,3614.46,1701.96,12,35.24,141.83,2.4411,608,21,3128.15,0.7483,0,39.55,285.3
3969.79,18,787.3,275.98,2,6.95,137.99,0.3087,99,125,3693.81,0.1983,0,5.97,708.4
4271.41,3,5238.69,4271.41,21,100.0,213.33,1.5685,758,156,0.0,1.2265,1,72.77,10.2
4815.6,3,769.36,4815.6,11,100.0,449.43,1.005,399,168,0.0,0.1598,1,68.29,0.0
5362.03,3,8023.53,20.21,1,0.38,20.21,1.1349,591,41,5341.82,1.4964,0,13.34,703.8
2160.37,3,2413.75,2160.37,23,100.0,452.66,2.2619,53,97,0.0,1.1173,1,78.43,5.1
2378.38,3,5446.12,93.83,1,3.95,93.83,0.8781,721,192,2284.55,2.2898,0,5.28,729.3
745.1,18,8812.78,745.1,26,100.0,495.24,1.2464,673,30,0.0,11.8276,1,68.62,0.0
3554.02,9,6543.69,3554.02,22,100.0,478.33,1.0246,607,157,0.0,1.8412,1,72.0,0.0
408.47,6,5376.28,408.47,8,100.0,257.44,3.7992,28,111,0.0,13.162,1,86.0,0.0
2900.47,3,3310.9,0.0,0,0.0,0.0,0.0,110,145,2900.47,1.1415,0,0.0,730.0
3347.34,9,3396.72,1757.98,7,52.52,251.14,2.4788,616,121,1589.36,1.0148,1,42.1,6.4
1861.94,9,6727.92,1861.94,22,100.0,325.01,3.7056,775,16,0.0,3.6134,1,92.03,0.0
3626.83,6,9941.98,317.75,5,8.76,63.55,3.1647,366,37,3309.08,2.7412,0,23.99,515.2
376.9,18,6652.21,178.3,5,47.31,35.66,2.4008,551,141,198.6,17.6498,1,39.73,18.1
416.62,12,5622.06,416.62,21,100.0,47.7,0.1251,770,109,0.0,13.4945,1,64.39,25.4
4971.08,12,7333.44,4971.08,24,100.0,233.3,3.1128,42,183,0.0,1.4752,1,86.42,13.7
2289.11,9,4705.54,2289.11,17,100.0,152.26,2.8397,238,21,0.0,2.0556,1,82.18,17.7
936.95,24,695.41,936.95,16,100.0,318.58,2.4995,533,194,0.0,0.7422,1,80.95,14.6
3229.01,24,5666.74,3229.01,28,100.0,496.37,3.0657,639,55,0.0,1.7549,1,83.61,0.0
4665.96,6,9580.49,2259.84,11,48.43,205.44,2.1004,871,118,2406.12,2.0533,1,37.7,0.0
1451.76,12,1835.5,1451.76,5,100.0,295.44,2.8459,164,146,0.0,1.2643,1,86.82,0.0
3812.76,9,6931.05,3812.76,25,100.0,219.49,3.7472,432,56,0.0,1.8179,1,78.94,22.1
695.02,18,2089.24,695.02,26,100.0,426.69,1.5656,255,171,0.0,3.006,1,76.7,0.0
499.75,12,5404.69,499.75,7,100.0,453.07,2.8617,414,34,0.0,10.8148,1,85.25,0.0
3281.86,9,1057.1,3281.86,18,100.0,441.13,1.9552,853,113,0.0,0.3221,1,75.63,0.0
3335.68,9,4558.67,3335.68,27,100.0,487.7,2.7302,768,124,0.0,1.3666,1,83.15,0.0
3897.09,3,7586.02,298.89,9,7.67,33.21,3.0753,550,128,3598.2,1.9466,0,22.05,729.8
4411.33,18,3540.96,0.0,0,0.0,0.0,0.0,170,51,4411.33,0.8027,0,1.83,730.0
5859.94,3,6682.63,5859.94,24,100.0,380.85,2.6217,756,84,0.0,1.1404,1,85.69,0.0
3194.54,6,7974.95,3194.54,28,100.0,129.77,0.9843,711,197,0.0,2.4964,1,66.95,0.0
2073.15,3,9279.06,2073.15,12,100.0,479.03,2.7131,126,164,0.0,4.4758,1,84.65,16.8
4812.08,3,2422.96,1458.08,16,30.3,91.13,1.9265,280,64,3354.0,0.5035,0,39.72,579.6
1770.83,12,4053.23,692.36,2,39.1,346.18,3.1169,779,178,1078.47,2.2889,1,45.44,9.0
2746.03,24,1608.92,895.65,7,32.62,127.95,0.5813,701,128,1850.38,0.5859,0,22.18,730.0
655.05,9,9925.59,655.05,13,100.0,227.06,2.5427,496,20,0.0,15.1524,1,91.57,0.0
347.03,18,9277.31,347.03,2,100.0,365.2,1.186,894,180,0.0,26.7335,1,72.56,0.0
5783.36,3,5445.58,4356.0,15,75.32,290.4,3.4266,181,15,1427.36,0.9416,1,70.68,11.0
5048.68,18,8436.13,2702.4,12,53.53,225.2,3.7207,283,122,2346.28,1.671,1,58.38,0.0
4236.65,24,5257.48,3356.16,19,79.22,176.64,3.986,268,60,880.49,1.241,1,77.65,4.6
2571.93,24,6273.5,2571.93,23,100.0,423.04,3.2044,144,53,0.0,2.4392,1,82.53,0.4
1205.11,3,982.33,1205.11,16,100.0,89.03,3.0396,692,167,0.0,0.8151,1,84.19,55.5
1107.33,6,7577.18,1107.33,12,100.0,226.45,0.9405,731,25,0.0,6.8427,1,75.4,2.0
1651.41,3,1364.36,1651.41,28,100.0,453.8,1.4104,757,79,0.0,0.8262,1,71.6,23.1
3385.51,12,8278.07,2130.05,5,62.92,426.01,1.9162,431,64,1255.46,2.4451,1,50.3,16.6
4344.66,9,7842.08,3399.2,16,78.24,212.45,3.1162,430,99,945.46,1.805,1,68.09,0.0
4029.14,6,7116.57,4029.14,13,100.0,386.29,3.6684,195,73,0.0,1.7663,1,81.52,0.0
1823.62,3,457.99,1823.62,16,100.0,415.12,0.8376,373,191,0.0,0.2511,1,66.61,4.9
5738.22,18,3100.97,5738.22,29,100.0,446.67,3.6972,616,170,0.0,0.5404,1,83.57,25.1
4479.8,6,2704.81,1969.52,7,43.96,281.36,2.8129,387,16,2510.28,0.6038,0,45.45,100.9
3415.25,6,3665.35,1181.4,10,34.59,118.14,2.482,532,120,2233.85,1.0732,1,41.56,1.6
3747.98,3,967.66,2708.45,19,72.26,142.55,0.8794,589,186,1039.53,0.2582,0,59.51,243.1
2633.68,6,9375.88,2633.68,27,100.0,161.93,0.3165,731,22,0.0,3.56,1,67.18,0.0
1636.84,18,5582.64,0.0,0,0.0,0.0,0.0,205,134,1636.84,3.4106,0,2.28,710.8
2264.64,24,3124.69,893.75,25,39.47,35.75,2.6409,890,171,1370.89,1.3798,1,42.72,0.0
4595.51,6,4030.12,1951.8,6,42.47,325.3,0.922,107,180,2643.71,0.877,0,22.67,242.4
283.48,24,4527.31,283.48,20,100.0,194.89,2.2702,614,70,0.0,15.9705,1,72.88,0.0
873.22,18,6045.88,873.22,20,100.0,161.72,3.4403,31,107,0.0,6.9237,1,89.45,15.5
466.82,3,5205.23,466.82,16,100.0,442.16,3.3568,459,78,0.0,11.1504,1,89.43,0.0
436.23,9,9201.98,436.23,29,100.0,240.8,3.7167,181,161,0.0,21.0943,1,91.48,5.1
5161.67,6,5019.94,590.67,9,11.44,65.63,1.527,392,45,4571.0,0.9725,0,15.71,730.0
4281.22,9,9922.36,4168.4,10,97.36,416.84,1.3404,143,195,112.82,2.3176,1,61.35,10.0
2950.21,18,8529.11,900.27,21,30.52,42.87,3.0228,435,77,2049.94,2.891,1,32.83,0.0
767.44,6,2164.25,767.44,29,100.0,368.84,1.7813,34,15,0.0,2.8201,1,71.31,21.2
3051.37,24,9312.89,3051.37,8,100.0,391.47,0.4414,512,70,0.0,3.052,1,70.79,0.0
2946.14,12,1252.03,1514.0,8,51.39,189.25,1.2029,194,95,1432.14,0.425,0,38.83,179.8
1204.57,9,8192.75,1204.57,23,100.0,415.9,1.7325,94,146,0.0,6.8014,1,83.85,0.0
2716.34,6,3868.17,1070.08,4,39.39,267.52,1.2408,576,1,1646.26,1.424,0,48.39,164.0
2511.33,9,8791.95,2511.33,16,100.0,242.38,1.3956,772,9,0.0,3.5009,1,81.74,27.6
3771.93,6,8693.76,334.32,8,8.86,41.79,1.2457,153,177,3437.61,2.3049,0,8.65,730.0
3883.54,3,8078.66,2547.36,16,65.59,159.21,0.2618,872,124,1336.18,2.0802,1,46.66,28.3
462.76,24,7921.3,462.76,23,100.0,466.88,2.5847,688,80,0.0,17.1175,1,78.12,0.0
2372.75,9,3116.32,2372.75,20,100.0,208.08,2.4294,421,139,0.0,1.3134,1,81.22,23.8
3829.99,12,901.1,3829.99,18,100.0,282.42,2.6482,233,69,0.0,0.2353,1,76.86,20.4
3118.19,12,4089.5,3118.19,26,100.0,275.37,0.85,229,149,0.0,1.3115,1,76.23,0.0
5167.64,18,1817.89,1820.46,6,35.23,303.41,1.2531,188,31,3347.18,0.3518,0,26.48,259.7
4020.42,6,6980.02,1087.68,22,27.05,49.44,2.5165,640,104,2932.74,1.7361,0,22.95,719.2
1145.02,9,3526.39,1145.02,8,100.0,193.84,2.4385,442,83,0.0,3.0798,1,89.8,0.0
609.3,18,9758.54,609.3,6,100.0,367.1,2.0747,274,128,0.0,16.016,1,79.66,0.0
3926.03,9,6445.62,1395.24,12,35.54,116.27,1.4666,438,181,2530.79,1.6418,0,26.55,487.5
353.77,6,8242.56,353.77,10,100.0,117.72,3.6604,671,57,0.0,23.2992,1,86.15,2.2
3597.5,12,1411.99,322.92,13,8.98,24.84,1.4251,425,197,3274.58,0.3925,0,11.5,730.0
5653.34,3,8633.94,4139.82,18,73.23,229.99,1.8769,462,145,1513.52,1.5272,1,58.89,0.0
3537.75,12,9235.3,3537.75,10,100.0,443.71,2.7446,736,133,0.0,2.6105,1,85.48,0.0
2451.39,18,4921.91,538.92,12,21.98,44.91,2.2178,206,44,1912.47,2.0078,0,30.82,558.1
3931.07,24,6101.9,1452.62,13,36.95,111.74,1.4529,563,96,2478.45,1.5522,1,34.0,21.6
2857.87,3,7671.62,2026.08,12,70.89,168.84,1.799,62,22,831.79,2.6844,1,56.9,10.1
3364.58,18,1830.9,0.0,0,0.0,0.0,0.0,489,22,3364.58,0.5442,0,5.39,718.6
5660.5,6,5075.4,2292.57,7,40.5,327.51,1.1847,452,153,3367.93,0.8966,0,23.81,271.6
2439.4,3,4046.76,2416.15,11,99.05,219.65,0.6548,339,134,23.25,1.6589,1,64.57,0.0
5774.91,18,1549.1,5774.91,18,100.0,384.35,1.3213,260,78,0.0,0.2682,1,68.03,4.7
5451.03,6,3738.59,3438.82,11,63.09,312.62,3.4132,816,43,2012.21,0.6859,1,66.52,4.6
1335.59,12,774.91,1335.59,7,100.0,450.1,0.4471,899,26,0.0,0.5802,1,63.99,8.4
602.3,24,355.54,602.3,7,100.0,412.65,3.9676,792,25,0.0,0.5903,1,82.38,6.0
784.51,6,1438.15,784.51,28,100.0,141.35,2.2099,132,96,0.0,1.8332,1,81.01,8.4
305.69,9,9634.84,305.69,20,100.0,150.29,3.9409,888,35,0.0,31.5183,1,84.1,25.1
747.77,6,5540.34,747.77,12,100.0,80.17,3.7621,396,108,0.0,7.4091,1,85.82,12.8
4161.44,6,9661.64,1999.14,11,48.04,181.74,1.866,348,54,2162.3,2.3217,1,54.33,0.0
612.89,24,4381.73,612.89,28,100.0,499.78,0.8741,787,191,0.0,7.1493,1,74.18,0.0
2050.06,9,3186.98,2050.06,15,100.0,214.76,0.7431,357,184,0.0,1.5546,1,68.4,24.6
5100.28,18,5110.8,0.0,0,0.0,0.0,0.0,38,68,5100.28,1.0021,0,0.0,730.0
334.98,18,4451.17,334.98,12,100.0,385.99,2.8695,44,60,0.0,13.2879,1,86.75,0.0
4923.92,6,1146.08,4923.92,25,100.0,280.39,1.1645,527,129,0.0,0.2328,1,75.3,0.0
1834.76,9,6444.18,550.86,6,30.02,91.81,1.4316,405,54,1283.9,3.5123,0,28.48,298.5
885.36,9,2238.78,885.36,27,100.0,202.73,1.8502,632,121,0.0,2.5287,1,76.62,0.0
4241.08,24,6233.92,4241.08,25,100.0,218.95,3.6616,303,96,0.0,1.4699,1,79.57,25.7
3847.87,12,6536.99,1527.36,4,39.69,381.84,0.8386,598,79,2320.51,1.6989,0,22.38,196.6
5289.34,18,1605.05,209.44,7,3.96,29.92,0.1196,358,86,5079.9,0.3034,0,2.41,730.0
4463.41,24,707.36,3579.12,24,80.19,149.13,0.3344,156,37,884.29,0.1585,1,50.96,0.0
4860.19,3,7829.54,4860.19,26,100.0,268.45,3.6286,76,118,0.0,1.611,1,89.7,0.0
1835.8,18,4652.02,1835.8,13,100.0,149.05,2.6253,529,77,0.0,2.5341,1,81.74,3.8
1229.15,24,675.82,1229.15,22,100.0,321.65,1.1649,131,156,0.0,0.5498,1,68.13,0.0
4553.57,18,9949.18,4553.57,29,100.0,251.3,0.7911,349,153,0.0,2.1849,1,70.56,0.7
4879.64,12,672.03,2323.44,12,47.61,193.62,1.2476,184,34,2556.2,0.1377,0,36.34,305.9
5944.93,3,6980.85,5944.93,14,100.0,475.62,0.5477,700,78,0.0,1.1743,1,78.62,18.9
2593.18,12,9838.42,2593.18,22,100.0,323.44,3.772,606,66,0.0,3.794,1,89.56,2.7
2357.7,3,2467.88,1317.92,16,55.9,82.37,3.1584,460,86,1039.78,1.0467,1,47.48,0.0
4703.2,6,1508.27,4043.76,14,85.98,288.84,1.9033,566,156,659.44,0.3207,1,76.41,0.0
2176.66,24,1301.71,2176.66,19,100.0,394.75,3.4734,145,33,0.0,0.598,1,82.67,14.1
5598.39,3,3102.42,5598.39,17,100.0,360.08,1.0729,864,96,0.0,0.5542,1,66.56,25.7
5178.79,12,1100.35,1744.2,17,33.68,102.6,2.8968,25,168,3434.59,0.2125,0,49.99,345.8
2688.17,18,6952.4,486.76,1,18.11,486.76,3.4389,342,168,2201.41,2.5863,1,34.13,0.0
4555.05,3,716.69,706.29,3,15.51,235.43,1.4914,204,150,3848.76,0.1573,0,22.53,349.9
4576.35,24,5143.28,2793.57,29,61.04,96.33,3.0541,505,70,1782.78,1.1239,1,61.67,14.0
798.12,3,9967.3,0.0,0,0.0,0.0,0.0,18,2,798.12,12.4885,0,6.97,730.0
5434.81,9,8158.31,201.45,3,3.71,67.15,1.2655,837,57,5233.36,1.5011,0,7.14,730.0
3130.46,18,6190.67,3130.46,17,100.0,405.69,0.5175,343,31,0.0,1.9776,1,66.06,0.0
4993.45,24,3131.91,314.28,4,6.29,78.57,1.8162,342,30,4679.17,0.6272,0,23.03,730.0
2056.29,24,6276.57,1441.08,18,70.08,80.06,2.9459,336,81,615.21,3.0524,1,64.25,6.5
5394.03,6,5317.71,5394.03,14,100.0,428.23,3.7669,24,42,0.0,0.9859,1,94.17,0.0
2457.37,12,4318.23,2457.37,27,100.0,185.41,2.4548,848,134,0.0,1.7573,1,79.35,4.0
262.86,6,1394.03,243.67,7,92.7,34.81,3.4662,623,104,19.19,5.3033,1,77.28,0.0
5451.22,24,8877.38,853.29,19,15.65,44.91,3.3077,235,0,4597.93,1.6285,0,30.81,730.0
729.46,18,4552.87,729.46,16,100.0,88.24,0.776,434,60,0.0,6.2414,1,72.9,9.8
2052.02,3,2026.76,0.0,0,0.0,0.0,0.0,799,13,2052.02,0.9877,0,8.47,709.0
5710.36,3,3740.82,3731.97,11,65.35,339.27,0.556,417,179,1978.39,0.6551,1,41.38,0.0
5713.52,18,4199.88,2388.0,25,41.8,95.52,2.7604,122,5,3325.52,0.7351,0,54.3,376.6
3525.94,24,8292.63,1387.08,18,39.34,77.06,3.8046,437,102,2138.86,2.3519,1,41.52,0.7
3864.66,3,7362.78,3864.66,14,100.0,387.07,0.6346,10,9,0.0,1.9052,1,66.03,15.2
2800.98,3,7716.12,2736.88,8,97.71,342.11,2.9621,275,70,64.1,2.7548,1,82.62,10.3
1900.62,3,209.21,1373.76,6,72.28,228.96,2.5657,500,89,526.86,0.1101,1,53.73,29.2
2106.25,12,4219.92,283.67,1,13.47,283.67,2.3761,217,157,1822.58,2.0035,0,22.92,71.8
4100.61,12,4865.31,4100.61,28,100.0,169.75,1.6215,631,148,0.0,1.1865,1,70.55,0.0
4563.77,9,290.0,2012.8,8,44.1,251.6,1.485,721,125,2550.97,0.0635,0,40.6,185.6
4791.16,6,2672.15,2368.8,9,49.44,263.2,0.2765,378,187,2422.36,0.5577,0,32.97,730.0
4779.79,18,7626.87,205.87,1,4.31,205.87,0.9498,315,96,4573.92,1.5956,0,13.2,702.2
729.0,18,1457.39,729.0,18,100.0,455.15,0.1592,21,73,0.0,1.9992,1,64.56,0.0
3067.64,18,5399.57,277.1,10,9.03,27.71,2.3675,354,114,2790.54,1.7602,0,13.26,730.0
533.84,9,2230.5,533.84,12,100.0,395.44,0.5128,474,190,0.0,4.1782,1,60.64,5.3
3387.27,12,220.0,717.3,9,21.18,79.7,3.5048,709,169,2669.97,0.0649,0,25.25,283.9
2760.88,24,2487.89,2760.88,13,100.0,402.82,2.1403,675,50,0.0,0.9011,1,81.01,5.9
5348.68,24,9761.15,5348.68,17,100.0,315.64,2.8288,503,191,0.0,1.825,1,94.76,0.0
2235.31,9,8035.22,2235.31,18,100.0,424.77,1.7023,377,55,0.0,3.5947,1,77.39,32.8
878.99,24,9599.81,878.99,21,100.0,66.81,2.2863,855,40,0.0,10.9214,1,87.08,7.6
1029.35,18,4929.76,1029.35,8,100.0,288.31,3.7764,429,31,0.0,4.7892,1,93.33,0.0
4616.76,6,1186.39,4616.76,24,100.0,260.52,0.4227,898,14,0.0,0.257,1,64.94,0.0
3785.66,3,5524.8,2153.82,6,56.89,358.97,1.0904,800,61,1631.84,1.4594,1,49.85,8.1
786.51,12,4598.34,786.51,27,100.0,276.46,3.142,180,154,0.0,5.8465,1,81.46,0.0
687.82,12,8459.14,559.1,2,81.29,279.55,0.4851,143,27,128.72,12.2985,1,53.46,10.7
4265.62,9,1071.02,4265.62,19,100.0,226.21,0.3951,436,63,0.0,0.2511,1,66.33,33.6
622.03,12,4933.59,622.03,5,100.0,168.24,1.51,34,186,0.0,7.9314,1,73.25,0.0
4966.79,18,1585.48,4966.79,26,100.0,251.49,0.4595,539,185,0.0,0.3192,1,71.06,8.6
4296.2,24,3314.29,1537.6,20,35.79,76.88,2.3818,199,129,2758.6,0.7714,0,34.2,456.1
671.82,18,7399.84,481.53,1,71.68,481.53,0.9825,150,126,190.29,11.0146,1,56.93,19.4
692.06,9,4812.58,692.06,28,100.0,362.92,3.5932,564,35,0.0,6.954,1,90.93,0.0
5922.51,18,3821.29,2385.9,5,40.29,477.18,3.1557,855,113,3536.61,0.6452,1,46.84,0.0
2370.77,24,4005.32,257.66,2,10.87,128.83,2.8289,805,198,2113.11,1.6895,0,33.74,192.0
2349.72,6,4648.52,2349.72,15,100.0,442.08,2.5061,667,12,0.0,1.9783,1,86.47,0.0
4914.24,9,7871.66,4914.24,29,100.0,408.22,3.4675,324,14,0.0,1.6018,1,91.15,36.2
5694.04,6,8931.64,2415.21,7,42.42,345.03,0.9699,453,88,3278.83,1.5686,0,33.72,305.2
5918.81,3,9557.81,320.01,1,5.41,320.01,3.5051,328,187,5598.8,1.6148,0,26.31,137.8
4569.59,6,7890.34,2751.04,16,60.2,171.94,3.179,450,21,1818.55,1.7267,1,60.82,22.2
2382.31,3,3222.53,2382.31,8,100.0,411.88,3.0178,101,190,0.0,1.3527,1,83.17,0.0
684.3,3,6912.53,684.3,29,100.0,260.73,2.2889,188,73,0.0,10.1016,1,76.86,0.0
4707.45,6,4432.27,594.33,11,12.63,54.03,1.0604,65,24,4113.12,0.9415,0,2.54,716.4
3438.74,9,2621.24,340.34,2,9.9,170.17,1.7518,164,100,3098.4,0.7623,0,20.53,274.2
2660.49,24,8424.63,2660.49,10,100.0,468.94,3.1949,681,175,0.0,3.1666,1,89.38,12.1
5456.86,18,480.42,0.0,0,0.0,0.0,0.0,120,170,5456.86,0.088,0,0.0,697.4
844.95,18,9027.44,844.95,22,100.0,491.31,3.15,146,116,0.0,10.684,1,86.93,0.0
3057.23,24,4668.63,3057.23,12,100.0,321.44,1.0363,241,165,0.0,1.5271,1,68.26,8.7
265.85,3,6408.29,265.85,14,100.0,138.8,0.6628,477,40,0.0,24.1049,1,67.14,0.0
2918.23,3,6627.6,2453.75,25,84.08,98.15,0.5512,741,172,464.48,2.2711,1,64.51,3.1
526.56,9,8961.67,438.88,4,83.35,109.72,0.2063,490,87,87.68,17.0193,1,50.46,0.0
889.14,12,6403.03,590.0,20,66.36,29.5,2.142,77,167,299.14,7.2014,1,51.03,0.0
881.65,6,6177.94,881.65,29,100.0,207.53,0.9512,823,109,0.0,7.0072,1,79.73,3.3
3965.42,3,759.86,1790.24,16,45.15,111.89,3.9588,258,119,2175.18,0.1916,0,52.37,128.3
4527.06,18,5232.24,4527.06,24,100.0,217.59,2.3403,332,96,0.0,1.1558,1,85.27,33.7
3583.54,9,1586.67,3583.54,22,100.0,468.8,0.6378,527,144,0.0,0.4428,1,60.83,0.0
5780.6,6,7400.59,5213.18,23,90.18,226.66,2.7862,801,56,567.42,1.2802,1,67.74,27.6
2374.25,9,5171.0,2374.25,24,100.0,441.43,3.6012,441,129,0.0,2.178,1,82.04,0.0
1857.13,6,6834.26,1553.2,5,83.63,310.64,3.0062,496,95,303.93,3.68,1,69.99,0.0
5237.87,6,512.56,3742.74,27,71.46,138.62,0.3981,615,120,1495.13,0.0979,1,41.82,0.0
1496.86,24,939.44,1496.86,20,100.0,190.81,3.5939,438,61,0.0,0.6276,1,88.41,3.5
5786.69,3,7191.6,1265.88,21,21.88,60.28,3.1963,278,136,4520.81,1.2428,0,35.57,724.6
270.5,9,813.63,270.5,10,100.0,180.06,0.7174,718,67,0.0,3.0079,1,64.81,35.4
5825.3,9,805.44,5825.3,17,100.0,345.22,0.302,546,80,0.0,0.1383,1,62.72,2.6
450.33,24,219.87,163.83,3,36.38,54.61,2.2735,157,16,286.5,0.4882,0,33.85,45.7
5368.63,18,9569.36,237.18,2,4.42,118.59,0.7085,127,116,5131.45,1.7825,0,1.3,730.0
3260.67,18,7401.33,2437.08,12,74.74,203.09,3.3549,859,49,823.59,2.2699,1,54.23,0.0
5959.2,3,3597.19,5959.2,22,100.0,491.38,1.4975,376,111,0.0,0.6036,1,73.56,7.8
628.02,3,3035.7,628.02,8,100.0,396.73,3.6603,859,93,0.0,4.8338,1,84.81,0.0
3412.35,12,3562.06,3412.35,20,100.0,372.07,2.3062,75,167,0.0,1.0439,1,77.2,0.0
5821.95,24,7769.07,378.85,5,6.51,75.77,0.8124,822,185,5443.1,1.3344,0,4.05,730.0
3233.97,18,6647.57,3233.97,25,100.0,394.88,0.6444,379,84,0.0,2.0555,1,72.92,0.0
3850.51,6,1933.44,3850.51,29,100.0,396.93,2.3482,184,148,0.0,0.5021,1,91.22,1.0
4235.34,9,1823.68,4235.34,27,100.0,308.53,3.0713,840,145,0.0,0.4306,1,79.26,19.9
2836.34,3,1074.12,2836.34,11,100.0,495.37,3.1479,597,182,0.0,0.3787,1,90.89,37.6
3839.84,9,6637.0,176.12,1,4.59,176.12,1.1755,504,156,3663.72,1.7285,0,11.87,545.3
3589.02,9,7667.29,943.62,2,26.29,471.81,0.8966,123,151,2645.4,2.1363,0,22.65,189.7
5426.72,12,2723.96,918.14,2,16.92,459.07,0.1653,120,73,4508.58,0.502,0,10.27,730.0
463.59,18,307.36,463.59,27,100.0,25.51,2.7489,770,108,0.0,0.663,1,81.08,0.0
1829.59,3,913.5,1829.59,11,100.0,236.06,0.3986,448,144,0.0,0.4993,1,73.14,0.7
5712.39,9,9681.81,5712.39,14,100.0,489.01,1.741,724,17,0.0,1.6949,1,69.76,2.9
5363.53,3,3024.9,556.0,8,10.37,69.5,2.4466,156,41,4807.53,0.564,0,20.05,714.3
2842.81,6,7715.31,2842.81,22,100.0,282.94,3.7547,44,100,0.0,2.714,1,93.77,0.4
3796.77,12,6284.17,3429.3,7,90.32,489.9,1.316,318,44,367.47,1.6551,1,71.52,7.3
1808.81,6,3881.2,1808.81,10,100.0,286.64,1.0741,547,81,0.0,2.1457,1,65.83,10.3
1291.1,3,2136.3,1291.1,15,100.0,111.11,2.6512,759,16,0.0,1.6546,1,79.99,8.7
2889.45,3,1301.73,2889.45,25,100.0,299.45,2.515,23,72,0.0,0.4505,1,83.73,0.0
2249.44,18,6188.63,2249.44,26,100.0,118.13,1.3952,383,13,0.0,2.7512,1,76.69,24.6
3585.21,9,7768.87,3585.21,24,100.0,269.46,3.7196,566,176,0.0,2.1669,1,92.19,22.9
650.86,9,6474.65,650.86,21,100.0,55.54,3.395,437,156,0.0,9.9478,1,87.29,0.0
5851.49,6,5349.99,931.89,3,15.93,310.63,0.9735,737,131,4919.6,0.9143,0,18.96,497.2
5920.02,12,515.32,5920.02,27,100.0,268.06,1.0327,242,81,0.0,0.087,1,72.91,0.0
4249.34,24,9688.04,0.0,0,0.0,0.0,0.0,714,147,4249.34,2.2799,0,7.9,730.0
3309.36,9,8007.27,3309.36,23,100.0,322.74,3.1169,572,119,0.0,2.4196,1,81.59,0.0
1995.26,18,2998.94,1702.86,6,85.35,283.81,0.2718,896,119,292.4,1.503,1,57.35,26.8
4920.01,6,9801.71,351.09,1,7.14,351.09,2.804,735,46,4568.92,1.9922,0,16.39,153.3
4171.44,6,6058.63,2049.07,23,49.12,89.09,2.6281,672,106,2122.37,1.4524,1,41.64,14.5
1143.18,24,5865.98,1143.18,27,100.0,305.77,1.0028,449,107,0.0,5.1313,1,72.64,0.0
5483.38,18,7505.92,410.44,4,7.49,102.61,2.7573,511,8,5072.94,1.3688,0,17.79,509.7
4970.72,12,8136.52,2785.5,6,56.04,464.25,3.7667,284,78,2185.22,1.6369,1,58.74,17.7
5708.84,18,6599.14,158.4,3,2.77,52.8,0.2825,859,154,5550.44,1.156,0,11.58,702.4
4409.17,12,1368.15,906.32,4,20.56,226.58,1.3466,85,14,3502.85,0.3103,0,29.24,362.3
3757.81,18,3448.85,3757.81,23,100.0,353.98,1.8089,448,18,0.0,0.9178,1,86.97,0.0
2625.81,18,9288.03,0.0,0,0.0,0.0,0.0,741,89,2625.81,3.5372,0,8.19,698.3
5609.83,3,2323.69,0.0,0,0.0,0.0,0.0,869,179,5609.83,0.4142,0,12.02,730.0
5223.17,6,3784.45,3998.68,14,76.56,285.62,1.832,708,25,1224.49,0.7246,1,62.94,23.7
462.27,18,4377.56,462.27,19,100.0,327.98,3.0251,298,153,0.0,9.4697,1,78.64,0.0
352.93,24,4450.11,352.93,18,100.0,357.82,2.1735,549,153,0.0,12.609,1,73.04,32.0
2383.49,18,6168.1,2383.49,28,100.0,199.16,2.1974,701,173,0.0,2.5878,1,85.17,13.1
4901.21,9,9436.45,2615.04,9,53.35,290.56,1.1846,262,91,2286.17,1.9253,1,42.04,3.1
5926.2,6,2482.86,5926.2,27,100.0,236.33,0.9461,135,176,0.0,0.419,1,71.31,0.0
1072.42,9,1302.86,1072.42,17,100.0,342.59,1.2232,186,81,0.0,1.2149,1,69.59,0.0
3645.96,6,2054.96,3645.96,27,100.0,300.11,2.2697,46,180,0.0,0.5636,1,76.47,8.6
2409.17,9,8880.56,544.72,2,22.61,272.36,0.2137,419,130,1864.45,3.6861,0,17.9,730.0
5825.5,18,6493.53,1397.7,10,23.99,139.77,3.6383,620,193,4427.8,1.1147,1,32.15,0.0
5084.29,18,2930.48,293.58,14,5.77,20.97,0.7095,619,41,4790.71,0.5764,0,9.29,713.9
5062.31,3,8177.87,2692.56,26,53.19,103.56,0.9583,136,18,2369.75,1.6154,1,47.88,0.0
2918.42,24,8627.56,2209.51,29,75.71,76.19,2.1213,492,16,708.91,2.9562,1,51.27,27.9
2605.95,9,8480.49,2355.6,10,90.39,235.56,2.8694,177,160,250.35,3.2543,1,68.26,0.0
1785.76,12,9197.37,1785.76,16,100.0,313.88,0.4733,601,75,0.0,5.1504,1,71.22,22.8
526.98,3,2597.19,526.98,16,100.0,122.28,1.339,303,176,0.0,4.9284,1,79.85,0.8
5215.39,9,7574.92,2353.75,5,45.13,470.75,3.8778,854,183,2861.64,1.4524,1,50.15,0.0
4914.83,9,4659.34,92.84,4,1.89,23.21,1.1231,647,62,4821.99,0.948,0,0.0,720.8
5998.36,3,8435.79,2734.9,7,45.59,390.7,1.3209,352,130,3263.46,1.4063,0,44.72,201.9
5980.49,18,7312.06,320.1,1,5.35,320.1,3.3623,319,106,5660.39,1.2227,0,19.6,193.8
3421.5,9,7786.83,2989.65,15,87.38,199.31,0.2958,671,48,431.85,2.2759,1,56.77,0.0
4660.13,18,6596.0,840.37,19,18.03,44.23,1.912,537,54,3819.76,1.4154,0,24.79,673.6
5679.64,3,1856.54,5679.64,23,100.0,321.19,1.5805,549,153,0.0,0.3269,1,71.15,0.0
5127.95,18,5495.77,2255.99,11,43.99,205.09,1.3347,428,98,2871.96,1.0717,0,32.22,337.4
1634.62,6,9848.23,1634.62,5,100.0,469.41,1.2142,453,199,0.0,6.0248,1,68.0,0.0
2813.16,12,9380.14,0.0,0,0.0,0.0,0.0,694,51,2813.16,3.3344,0,9.29,730.0
949.12,9,527.42,949.12,3,100.0,471.03,1.3278,567,99,0.0,0.5557,1,78.76,24.3
5733.5,24,1731.67,2013.28,16,35.11,125.83,0.2679,849,116,3720.22,0.302,0,27.3,730.0
3715.81,12,1404.11,3715.81,12,100.0,368.35,3.1458,245,117,0.0,0.3779,1,72.94,0.0
1526.13,18,7287.2,1526.13,17,100.0,316.28,1.6531,448,6,0.0,4.775,1,85.81,1.1
4095.86,9,8196.07,1499.68,4,36.61,374.92,1.8312,223,45,2596.18,2.0011,0,37.4,125.7
3785.14,18,2213.76,3568.16,29,94.27,123.04,3.585,94,45,216.98,0.5849,1,76.39,9.2
2277.34,6,5107.94,2277.34,23,100.0,339.2,2.6664,803,99,0.0,2.2429,1,82.29,34.8
858.63,3,8422.96,858.63,23,100.0,259.06,0.1314,753,143,0.0,9.8098,1,71.05,0.0
4095.12,9,7354.74,4095.12,26,100.0,376.56,3.7784,94,151,0.0,1.796,1,90.52,0.0
3217.78,6,5468.15,353.96,2,11.0,176.98,1.0249,498,188,2863.82,1.6994,0,9.9,444.1
4679.45,6,5944.44,4472.3,10,95.57,447.23,0.5197,74,53,207.15,1.2703,1,65.31,0.0
3216.95,9,5132.77,725.52,12,22.55,60.46,3.0957,655,61,2491.43,1.5955,0,36.88,403.3
5142.65,18,3045.73,1222.35,3,23.77,407.45,2.0519,672,128,3920.3,0.5922,0,28.06,136.0
3401.06,24,5693.72,3401.06,25,100.0,433.43,1.7917,636,48,0.0,1.6741,1,82.02,0.7
3453.44,6,6919.96,3453.44,26,100.0,412.28,1.0731,73,24,0.0,2.0038,1,73.42,0.0
5284.59,12,8745.9,3459.43,13,65.46,266.11,2.2351,352,9,1825.16,1.655,1,59.72,0.0
2540.2,6,6399.28,2540.2,21,100.0,230.42,1.1701,884,117,0.0,2.5192,1,76.13,12.3
977.29,24,7635.1,977.29,10,100.0,498.21,3.6162,361,143,0.0,7.8125,1,81.36,0.0
366.94,18,1684.71,366.94,26,100.0,130.0,0.9393,167,185,0.0,4.5912,1,70.89,0.0
4579.8,18,4669.42,2542.5,9,55.52,282.5,3.549,598,199,2037.3,1.0196,1,55.72,15.7
3797.8,12,192.38,3797.8,18,100.0,341.92,2.2817,500,156,0.0,0.0507,1,83.91,0.0
4283.66,6,2542.12,4283.66,17,100.0,356.42,3.3311,667,91,0.0,0.5934,1,87.3,7.8
1435.19,18,7291.97,589.65,5,41.09,117.93,2.8801,864,133,845.54,5.0808,1,43.05,0.0
990.95,24,9918.92,990.95,26,100.0,333.92,2.8171,472,143,0.0,10.0095,1,75.49,0.0
284.36,9,1081.86,284.36,28,100.0,412.82,1.3649,234,147,0.0,3.8045,1,65.2,11.5
2233.41,3,4074.79,616.14,14,27.59,44.01,1.0122,322,79,1617.27,1.8245,0,25.56,704.4
3621.52,3,8020.7,3621.52,20,100.0,457.53,0.9225,624,70,0.0,2.2147,1,66.95,14.9
2475.02,3,2119.95,990.64,29,40.03,34.16,3.443,868,77,1484.38,0.8565,0,50.01,379.5
2737.35,6,5595.34,1717.83,9,62.76,190.87,3.2997,822,42,1019.52,2.0441,1,52.38,25.1
5444.12,12,7357.41,110.36,4,2.03,27.59,1.8182,475,153,5333.76,1.3514,0,20.19,730.0
2219.88,18,6198.26,1425.75,25,64.23,57.03,0.6164,97,89,794.13,2.7922,1,48.77,0.0
3181.14,9,1961.44,3181.14,28,100.0,457.36,1.5908,892,77,0.0,0.6166,1,75.04,34.6
4745.19,24,3618.31,761.32,4,16.04,190.33,2.5154,312,198,3983.87,0.7625,0,33.93,229.9
2499.95,9,7859.54,2015.01,9,80.6,223.89,1.8722,689,160,484.94,3.1439,1,68.37,0.0
3808.1,24,5586.84,3330.99,27,87.47,123.37,3.1427,444,25,477.11,1.4671,1,73.34,19.1
5201.71,6,151.77,1226.44,4,23.58,306.61,3.9907,691,120,3975.27,0.0292,0,39.66,59.9
5707.22,3,7633.81,611.02,2,10.71,305.51,0.8454,144,44,5096.2,1.3376,0,2.21,620.7
1053.03,6,449.58,1053.03,22,100.0,198.66,1.8926,59,62,0.0,0.4269,1,81.68,0.0
5574.21,12,7482.76,899.3,5,16.13,179.86,1.7808,441,194,4674.91,1.3424,0,19.69,428.8
3054.27,12,2104.56,1334.34,3,43.69,444.78,1.2875,349,179,1719.93,0.6891,0,26.24,95.9
1697.82,24,9584.93,1697.82,17,100.0,203.98,0.8726,356,67,0.0,5.6454,1,64.33,0.0
2862.99,18,3742.61,2862.99,27,100.0,256.88,0.3562,655,153,0.0,1.3072,1,71.49,15.8
5884.19,18,3336.62,1247.92,8,21.21,155.99,3.5598,356,1,4636.27,0.567,1,51.21,0.0
3057.18,24,1573.99,3057.18,16,100.0,397.65,1.7374,658,141,0.0,0.5149,1,75.53,14.5
2106.76,12,3125.48,2106.76,28,100.0,210.78,2.0379,254,107,0.0,1.4835,1,72.32,16.1
3873.72,12,8778.84,3198.36,12,82.57,266.53,3.6761,118,29,675.36,2.2663,1,68.62,20.6
1592.84,12,9963.71,1592.84,26,100.0,141.61,3.1275,834,48,0.0,6.2553,1,90.84,0.0
640.01,6,3746.26,640.01,14,100.0,494.08,0.609,808,139,0.0,5.8534,1,70.9,0.0
947.5,12,4541.25,947.5,29,100.0,159.92,2.3051,542,43,0.0,4.7929,1,77.18,0.0
942.67,9,7248.5,942.67,19,100.0,389.96,1.8248,99,160,0.0,7.6893,1,73.11,0.0
1081.04,3,8873.34,1081.04,16,100.0,225.2,3.2091,305,12,0.0,8.2082,1,87.61,0.0
1005.2,12,5971.14,1005.2,12,100.0,118.98,2.9245,121,77,0.0,5.9403,1,85.77,0.0
3917.07,24,3976.1,3917.07,15,100.0,403.87,2.7926,822,125,0.0,1.0151,1,77.27,4.7
1254.9,3,4184.96,1254.9,21,100.0,180.13,1.4281,598,97,0.0,3.3349,1,67.86,56.0
2204.87,6,6986.62,1305.87,3,59.23,435.29,3.2394,186,25,899.0,3.1687,1,52.48,11.0
5401.37,24,131.86,1837.28,4,34.02,459.32,0.3043,352,148,3564.09,0.0244,0,21.6,730.0
2948.98,3,6233.93,1730.88,4,58.69,432.72,0.7225,669,155,1218.1,2.1139,1,39.03,0.0
4071.83,24,3619.38,294.4,8,7.23,36.8,1.4089,110,47,3777.43,0.8889,0,21.24,730.0
1199.46,6,7962.55,1199.46,16,100.0,397.94,0.3995,767,167,0.0,6.6384,1,64.88,0.0
1315.28,9,1020.61,1315.28,12,100.0,217.44,1.0165,638,65,0.0,0.776,1,64.85,53.7
437.04,6,5923.2,437.04,1,100.0,439.39,3.3376,613,86,0.0,13.553,1,79.06,0.0
1179.82,6,4861.63,1179.82,12,100.0,326.22,3.7982,410,78,0.0,4.1207,1,86.87,0.0
1815.82,24,6459.02,1815.82,21,100.0,420.15,1.2879,37,22,0.0,3.5571,1,63.62,15.9
1226.66,18,742.05,1226.66,20,100.0,259.73,1.1316,546,80,0.0,0.6049,1,71.49,4.1
714.47,12,5841.84,714.47,26,100.0,276.81,1.1916,67,47,0.0,8.1765,1,65.47,0.0
899.69,12,5658.7,899.69,22,100.0,89.31,1.1831,507,123,0.0,6.2896,1,77.89,19.2
2872.52,9,5650.53,2872.52,18,100.0,396.31,0.2401,306,129,0.0,1.9671,1,67.02,0.0
1396.74,9,6074.53,442.62,2,31.69,221.31,3.715,143,83,954.12,4.3491,1,53.49,0.0
2312.77,12,6797.03,2312.77,9,100.0,260.04,0.9334,340,19,0.0,2.9389,1,69.46,4.6
3119.82,18,8069.39,396.85,1,12.72,396.85,1.738,258,186,2722.97,2.5865,0,3.04,83.8
4204.29,12,2771.23,3689.4,12,87.75,307.45,0.1378,559,45,514.89,0.6591,1,65.15,0.0
428.01,18,8267.99,428.01,18,100.0,116.53,3.446,84,130,0.0,19.3173,1,88.19,21.7
4836.58,9,5032.73,4836.58,25,100.0,303.31,2.9515,663,182,0.0,1.0406,1,85.99,0.0
3841.82,3,862.88,3450.56,16,89.82,215.66,3.7923,843,11,391.26,0.2246,1,76.12,0.0
674.2,24,679.65,674.2,20,100.0,245.37,3.1483,177,39,0.0,1.0081,1,83.68,32.2
5266.76,9,3408.96,436.67,13,8.29,33.59,1.3235,780,65,4830.09,0.6473,0,14.26,728.2
5541.06,9,7870.48,1328.91,11,23.98,120.81,1.0667,512,99,4212.15,1.4204,0,20.8,725.8
554.25,6,7106.04,554.25,20,100.0,154.9,2.8211,894,77,0.0,12.821,1,73.25,17.9
1805.89,6,7907.29,1805.89,11,100.0,362.22,1.52,364,15,0.0,4.3786,1,87.96,0.0
4875.97,6,5220.96,255.2,10,5.23,25.52,2.3082,234,82,4620.77,1.0708,0,21.43,730.0
4539.91,24,4457.97,1297.26,6,28.57,216.21,0.1244,673,161,3242.65,0.982,0,21.42,730.0
1270.22,6,1559.78,1270.22,3,100.0,463.53,0.3414,540,43,0.0,1.228,1,73.62,36.6
1414.23,18,3349.11,1326.6,18,93.8,73.7,2.1879,155,133,87.63,2.3682,1,77.32,0.0
2348.74,12,4396.79,0.0,0,0.0,0.0,0.0,250,191,2348.74,1.872,0,0.0,730.0
3010.23,3,977.14,3010.23,27,100.0,397.53,3.0307,893,99,0.0,0.3246,1,89.43,11.1
3785.88,9,2284.06,3785.88,23,100.0,472.42,0.6147,353,21,0.0,0.6033,1,72.95,0.0
2339.7,18,6022.43,2339.7,28,100.0,378.45,2.1014,758,17,0.0,2.574,1,74.41,0.0
2882.7,3,7383.06,731.74,2,25.38,365.87,0.8583,44,11,2150.96,2.5612,0,25.6,189.5
4535.33,18,9983.64,4535.33,12,100.0,416.71,0.4635,711,179,0.0,2.2013,1,66.58,5.8
412.76,18,9337.82,412.76,14,100.0,234.18,1.7009,10,122,0.0,22.6229,1,76.25,8.7
1664.13,9,6461.4,406.81,1,24.45,406.81,0.737,162,116,1257.32,3.8827,0,23.31,124.6
4337.43,12,4270.36,238.2,10,5.49,23.82,0.9649,438,50,4099.23,0.9845,0,16.2,729.0
5392.2,6,6398.16,1391.37,3,25.8,463.79,1.3385,517,70,4000.83,1.1866,0,21.57,190.8
3167.73,24,7877.95,3167.73,18,100.0,232.79,1.1116,135,47,0.0,2.4869,1,73.49,20.6
3286.26,12,1271.53,3286.26,28,100.0,285.62,0.4416,500,18,0.0,0.3869,1,77.73,0.0
821.6,24,4158.06,821.6,16,100.0,142.34,0.4507,491,5,0.0,5.0609,1,74.82,5.4
2794.99,9,8414.04,752.82,2,26.93,376.41,0.8537,354,83,2042.17,3.0104,0,23.61,174.2
3289.18,9,3899.95,1533.33,27,46.62,56.79,0.2972,747,154,1755.85,1.1857,0,42.16,711.9
1606.33,9,5761.54,1606.33,17,100.0,438.87,2.5432,230,52,0.0,3.5868,1,83.45,23.5
1761.61,3,5918.92,1761.61,7,100.0,417.5,1.2206,732,106,0.0,3.3599,1,64.95,0.0
2388.25,24,1926.31,2388.25,21,100.0,123.71,1.191,34,100,0.0,0.8066,1,68.17,0.0
316.41,12,3686.13,316.41,24,100.0,408.48,1.3948,537,47,0.0,11.6499,1,76.82,39.2
2068.06,12,3411.66,2068.06,23,100.0,397.45,2.6849,191,134,0.0,1.6497,1,83.22,16.8
1426.4,18,359.35,1426.4,25,100.0,323.46,3.4955,508,186,0.0,0.2519,1,86.79,0.0
2099.48,18,339.5,2099.48,18,100.0,199.29,3.0604,850,68,0.0,0.1617,1,94.17,0.0
894.62,18,8333.8,601.28,4,67.21,150.32,2.9374,650,10,293.34,9.3155,1,58.22,0.0
5365.06,9,2803.4,787.56,6,14.68,131.26,1.9891,51,142,4577.5,0.5225,0,21.1,552.0
3642.84,12,5228.98,3458.6,20,94.94,172.93,2.8058,490,191,184.24,1.4354,1,68.73,20.2
4138.79,24,3057.38,3175.97,7,76.74,453.71,2.2558,857,130,962.82,0.7387,1,69.22,13.7
4777.19,9,9412.72,1546.29,27,32.37,57.27,0.9434,757,121,3230.9,1.9703,0,22.71,730.0
3090.96,3,2667.04,1671.44,4,54.08,417.86,0.9135,881,68,1419.52,0.8629,0,45.92,96.1
704.14,18,4353.6,704.14,16,100.0,187.47,1.2559,448,22,0.0,6.1829,1,77.3,0.0
3315.22,9,8740.03,1081.48,4,32.62,270.37,3.6521,411,180,2233.74,2.6363,1,54.86,11.2
3603.68,9,8435.14,1204.05,3,33.41,401.35,2.2349,555,36,2399.63,2.3407,0,38.37,98.0
4523.55,3,1942.4,4523.55,21,100.0,444.5,2.9622,354,8,0.0,0.4294,1,80.99,32.1
2703.63,6,8046.17,2703.63,18,100.0,185.5,1.4516,54,14,0.0,2.9761,1,75.98,0.0
939.97,12,4636.05,939.97,26,100.0,241.68,1.6901,655,130,0.0,4.9321,1,71.34,0.0
1845.9,24,4881.39,1845.9,20,100.0,218.97,0.5897,30,92,0.0,2.6444,1,70.13,0.0
2305.88,6,1421.45,26.36,1,1.14,26.36,0.7681,643,197,2279.52,0.6164,0,4.35,730.0
3946.32,18,897.95,1620.5,10,41.06,162.05,3.3267,79,16,2325.82,0.2275,0,46.3,123.8
3510.51,9,7306.6,3510.51,21,100.0,240.41,2.3809,873,153,0.0,2.0814,1,74.79,0.0
2265.36,3,5014.97,2265.36,12,100.0,217.32,1.4164,882,148,0.0,2.2138,1,75.0,16.6
5921.79,3,4424.82,5131.42,14,86.65,366.53,3.2311,57,71,790.37,0.7472,1,79.83,0.0
3713.49,12,7322.13,2251.81,11,60.64,204.71,1.0614,500,148,1461.68,1.9718,1,37.52,27.8
1575.92,6,7678.58,1575.92,21,100.0,254.9,3.9065,560,120,0.0,4.8724,1,85.0,12.7
790.34,12,1673.19,790.34,20,100.0,226.21,1.4448,296,10,0.0,2.1171,1,74.51,0.0
1086.58,9,6141.23,1086.58,21,100.0,375.5,1.4155,19,165,0.0,5.6519,1,61.76,0.0
1626.55,12,1440.01,1626.55,10,100.0,434.23,1.3165,551,71,0.0,0.8853,1,81.6,0.0
1131.95,24,7538.61,1131.95,6,100.0,275.31,0.5762,765,105,0.0,6.6598,1,64.9,0.0
1282.09,3,6603.86,1282.09,27,100.0,398.93,0.5334,283,124,0.0,5.1509,1,63.51,0.0
1853.55,3,9570.48,649.84,4,35.06,162.46,2.6276,609,34,1203.71,5.1633,1,37.52,16.7
1205.57,18,782.68,1205.57,16,100.0,279.86,3.513,765,118,0.0,0.6492,1,86.76,0.0
5401.24,18,664.84,4271.33,23,79.08,185.71,3.183,390,13,1129.91,0.1231,1,66.72,7.8
665.36,9,2893.65,665.36,19,100.0,218.82,0.6503,338,13,0.0,4.349,1,73.8,11.4
3242.17,24,2690.89,2972.48,8,91.68,371.56,2.2278,488,9,269.69,0.83,1,74.96,5.1
2580.3,6,2545.09,2580.3,13,100.0,443.2,0.5118,24,139,0.0,0.9864,1,63.88,22.8
5897.8,12,9071.92,1958.0,25,33.2,78.32,0.2766,525,37,3939.8,1.5382,0,20.63,730.0
849.83,9,2570.51,849.83,11,100.0,324.63,2.6599,200,107,0.0,3.0247,1,73.38,2.2
2507.56,18,2792.3,1497.15,5,59.71,299.43,2.1871,177,118,1010.41,1.1136,1,45.67,8.1
5822.93,12,7618.04,1229.44,16,21.11,76.84,0.4199,530,33,4593.49,1.3083,0,18.18,712.4
5219.94,18,4552.42,2190.78,18,41.97,121.71,0.2363,630,168,3029.16,0.8721,0,24.56,709.6
4939.02,12,7789.43,3047.04,18,61.69,169.28,3.9601,146,9,1891.98,1.5771,1,72.88,20.7
1695.84,6,747.12,1695.84,25,100.0,100.13,0.2171,163,121,0.0,0.4406,1,66.66,18.0
1191.15,9,4926.95,1191.15,15,100.0,136.99,1.8337,397,144,0.0,4.1363,1,69.24,0.0
4078.13,12,432.77,1632.95,11,40.04,148.45,2.068,218,144,2445.18,0.1061,0,32.72,212.8
5590.38,24,720.27,1992.32,11,35.64,181.12,0.5574,281,194,3598.06,0.1288,0,31.78,717.0
3429.22,3,9073.73,3429.22,19,100.0,379.71,0.7593,152,189,0.0,2.646,1,69.17,0.0
3515.35,24,1478.53,1472.6,5,41.89,294.52,1.472,620,114,2042.75,0.4206,0,41.02,133.2
1823.88,24,5370.96,1823.88,22,100.0,493.4,3.0705,898,0,0.0,2.9448,1,89.59,3.2
4663.06,3,4169.85,4663.06,25,100.0,219.07,2.0776,829,11,0.0,0.8942,1,74.66,18.3
1284.85,24,3538.7,1145.58,3,89.16,381.86,2.5878,78,102,139.27,2.7542,1,79.08,9.2
2077.34,12,9008.35,2077.34,5,100.0,438.3,3.9422,256,3,0.0,4.3365,1,92.36,10.7
2667.53,12,316.05,2667.53,10,100.0,345.91,3.0952,270,169,0.0,0.1185,1,86.02,0.0
3144.14,12,6671.52,0.0,0,0.0,0.0,0.0,797,140,3144.14,2.1219,0,0.0,697.7
1605.98,3,9637.6,1605.98,29,100.0,381.73,1.8411,88,97,0.0,6.0011,1,80.44,0.0
866.05,24,5645.67,866.05,23,100.0,117.76,2.5132,667,105,0.0,6.5189,1,89.17,0.0
3741.6,3,9374.54,3741.6,22,100.0,177.23,2.6949,632,84,0.0,2.5055,1,79.21,16.8
1874.06,12,617.35,1874.06,14,100.0,282.41,2.0528,779,120,0.0,0.3294,1,74.58,0.0
3571.18,24,4246.05,3571.18,26,100.0,296.2,2.615,614,131,0.0,1.189,1,84.02,13.3
1095.3,24,2675.56,306.3,10,27.96,30.63,0.1918,534,81,789.0,2.4428,0,13.91,714.3
2990.61,18,7335.13,2990.61,24,100.0,473.65,1.7755,781,196,0.0,2.4527,1,83.74,0.0
3289.02,18,9814.84,3289.02,18,100.0,354.38,1.1879,630,18,0.0,2.9841,1,79.36,0.0
500.58,6,2639.65,500.58,17,100.0,257.94,0.6038,339,129,0.0,5.2732,1,63.63,45.2
2152.3,9,6576.33,2152.3,16,100.0,467.9,0.4882,198,11,0.0,3.0555,1,60.01,0.0
979.61,18,2061.17,979.61,18,100.0,230.77,2.4524,104,80,0.0,2.1041,1,73.91,13.8
567.57,3,5696.77,567.57,20,100.0,490.61,2.142,626,73,0.0,10.0371,1,72.13,0.0
5941.77,18,4692.93,3456.7,13,58.18,265.9,1.089,17,97,2485.07,0.7898,0,48.36,285.8
2069.65,6,9722.85,1946.36,26,94.04,74.86,1.9367,76,5,123.29,4.6978,1,88.49,7.0
4897.27,24,6124.42,4897.27,17,100.0,387.1,2.0197,505,135,0.0,1.2506,1,81.07,5.5
1676.92,6,3560.11,1676.92,27,100.0,345.87,0.8605,200,124,0.0,2.123,1,68.98,8.3
4152.72,24,1229.55,4152.72,18,100.0,391.03,2.6432,375,50,0.0,0.2961,1,82.57,10.5
4609.32,24,1597.34,4609.32,14,100.0,476.69,3.1456,777,10,0.0,0.3465,1,79.52,16.2
3654.7,9,2330.64,3654.7,14,100.0,392.71,3.1867,530,190,0.0,0.6377,1,89.61,0.0
2935.14,18,2584.57,940.32,3,32.04,313.44,2.4496,126,184,1994.82,0.8806,0,37.68,64.8
2588.68,3,8521.1,2588.68,6,100.0,431.51,2.0954,276,126,0.0,3.2917,1,81.44,1.0
2223.44,3,5656.11,2223.44,12,100.0,343.16,0.3379,620,139,0.0,2.5439,1,63.39,13.7
5591.27,12,5281.57,431.8,2,7.72,215.9,1.2225,494,72,5159.47,0.9446,0,11.51,585.1
5017.59,24,1236.21,5017.59,15,100.0,445.1,0.4638,518,1,0.0,0.2464,1,79.41,15.5
5797.16,3,8615.38,1012.08,8,17.46,126.51,3.8589,307,7,4785.08,1.4861,1,41.72,12.4
920.92,9,7255.86,920.92,7,100.0,363.03,0.6268,173,138,0.0,7.8789,1,65.72,0.0
4439.03,24,769.92,4439.03,19,100.0,443.15,0.6919,385,123,0.0,0.1734,1,73.05,0.0
5642.37,9,7107.57,4452.36,12,78.91,371.03,3.5693,662,52,1190.01,1.2597,1,69.15,0.0
1251.15,3,5481.03,1251.15,16,100.0,354.69,3.7813,277,9,0.0,4.3808,1,98.27,34.9
585.68,3,909.08,585.68,16,100.0,381.27,3.0867,558,111,0.0,1.5522,1,81.45,6.8
4498.5,12,4637.18,3891.68,16,86.51,243.23,0.1211,83,7,606.82,1.0308,1,60.18,0.0
3531.94,3,4898.49,0.0,0,0.0,0.0,0.0,517,35,3531.94,1.3869,0,0.83,730.0
5082.61,24,1741.17,823.55,7,16.2,117.65,1.5746,82,105,4259.06,0.3426,0,33.0,703.3
1010.68,24,9462.41,1010.68,18,100.0,81.15,0.6592,317,13,0.0,9.3624,1,70.1,0.0
4812.55,24,8514.76,785.2,5,16.32,157.04,0.1717,208,181,4027.35,1.7693,0,9.06,730.0
1369.44,12,6723.32,550.32,2,40.19,275.16,1.9099,139,85,819.12,4.9095,0,40.78,56.7
1149.2,12,4676.73,1149.2,26,100.0,265.07,3.7779,767,148,0.0,4.0696,1,90.75,0.0
1152.74,3,4176.48,1152.74,4,100.0,413.89,1.3629,833,49,0.0,3.6231,1,72.39,17.1
4924.53,6,6544.64,2570.28,12,52.19,214.19,2.6784,581,166,2354.25,1.329,1,44.52,0.0
4058.14,6,5499.78,3534.86,14,87.11,252.49,2.6437,800,19,523.28,1.3552,1,69.84,0.0
3233.78,12,716.5,343.46,13,10.62,26.42,1.0792,624,86,2890.32,0.2216,0,17.79,709.7
2281.22,3,5173.78,2281.22,28,100.0,216.67,2.6367,817,134,0.0,2.268,1,72.08,12.6
5287.76,6,8083.4,5287.76,22,100.0,330.93,0.9281,841,136,0.0,1.5287,1,69.33,0.0
2476.18,3,4646.47,411.6,15,16.62,27.44,0.5758,496,128,2064.58,1.8765,0,19.23,730.0
4936.28,3,614.37,2631.94,17,53.32,154.82,2.8354,862,153,2304.34,0.1245,1,51.2,0.0
2746.98,3,7884.15,2516.22,21,91.6,119.82,0.5424,160,165,230.76,2.8701,1,73.66,0.0
2386.28,18,2093.5,1124.2,28,47.11,40.15,3.9879,678,37,1262.08,0.8773,1,45.83,0.0
2883.54,24,2660.35,2883.54,21,100.0,250.04,0.8155,215,188,0.0,0.9226,1,65.09,7.9
1947.99,3,1730.59,1072.3,10,55.05,107.23,2.4172,188,43,875.69,0.8884,0,38.71,87.7
4536.13,18,3369.13,753.36,2,16.61,376.68,1.7044,206,85,3782.77,0.7427,0,30.99,172.7
3115.78,12,7591.84,3115.78,21,100.0,427.01,0.5929,744,43,0.0,2.4366,1,63.83,0.0
1546.83,6,5241.92,1546.83,9,100.0,281.88,0.2086,98,73,0.0,3.3888,1,56.32,8.8
5417.53,24,2128.32,4420.98,9,81.61,491.22,2.5287,808,118,996.55,0.3929,1,65.16,0.0
2426.57,6,8790.52,2426.57,29,100.0,236.23,3.2464,443,189,0.0,3.6226,1,77.51,4.9
3352.61,24,8807.86,3352.61,20,100.0,266.42,3.3839,797,121,0.0,2.6272,1,82.28,34.6
5457.54,6,8718.73,5457.54,15,100.0,494.82,1.9826,757,133,0.0,1.5976,1,77.1,24.7
3820.58,24,2464.08,1442.54,11,37.76,131.14,3.1321,192,144,2378.04,0.6449,1,47.36,0.0
878.01,6,4567.27,472.42,1,53.81,472.42,2.7241,218,50,405.59,5.2018,1,50.45,9.9
5651.03,6,9851.4,324.48,8,5.74,40.56,2.9246,502,37,5326.55,1.7433,0,21.41,730.0
3840.71,6,7742.92,3840.71,23,100.0,234.27,2.0211,139,151,0.0,2.016,1,74.22,29.4
2142.45,6,368.96,107.2,2,5.0,53.6,2.5703,674,50,2035.25,0.1722,0,11.11,393.0
1007.78,12,745.53,1007.78,23,100.0,370.03,3.2416,22,9,0.0,0.7398,1,75.22,22.3
4805.35,3,4692.92,4805.35,29,100.0,312.04,1.6517,643,119,0.0,0.9766,1,73.09,0.0
3796.42,9,9101.28,3796.42,24,100.0,359.18,3.2433,880,199,0.0,2.3973,1,84.88,0.0
3294.07,18,5433.15,3294.07,29,100.0,199.75,2.4089,741,148,0.0,1.6494,1,77.26,0.0
5384.58,9,5028.34,2762.9,14,51.31,197.35,0.747,115,69,2621.68,0.9338,0,28.79,507.5
4773.86,9,1144.19,83.5,2,1.75,41.75,0.1963,384,84,4690.36,0.2397,0,3.32,717.7
1079.71,24,6602.12,1079.71,18,100.0,187.97,1.5147,591,56,0.0,6.1147,1,82.23,0.0
2007.99,3,8238.82,2007.99,17,100.0,466.06,2.2321,716,125,0.0,4.103,1,77.82,3.6
1641.24,24,3866.16,1414.21,7,86.17,202.03,3.3753,707,38,227.03,2.3556,1,73.36,11.8
4514.89,3,7778.56,4514.89,25,100.0,419.06,0.5972,108,32,0.0,1.7229,1,68.28,0.0
394.49,3,9648.32,394.49,16,100.0,424.32,3.2208,603,186,0.0,24.4577,1,78.8,30.0
3505.36,6,2117.29,1394.12,7,39.77,199.16,3.4657,596,17,2111.24,0.604,1,40.8,0.0
4622.26,12,5280.96,1940.1,6,41.97,323.35,0.6877,895,183,2682.16,1.1425,0,33.66,355.7
5285.24,6,2942.67,1907.62,29,36.09,65.78,3.4212,861,56,3377.62,0.5568,1,48.94,0.0
2184.07,12,7949.26,418.62,6,19.17,69.77,3.9667,201,95,1765.45,3.6397,0,35.53,203.3
4963.29,24,5818.17,86.72,2,1.75,43.36,2.9347,334,47,4876.57,1.1722,0,8.88,730.0
841.66,12,6382.37,0.0,0,0.0,0.0,0.0,735,41,841.66,7.5831,0,1.77,730.0
5109.42,24,7999.35,673.53,3,13.18,224.51,3.9782,836,26,4435.89,1.5656,0,42.77,146.5
939.43,9,4020.11,939.43,24,100.0,283.06,2.4614,476,73,0.0,4.2793,1,78.55,0.0
2504.27,9,9159.39,1080.48,4,43.15,270.12,1.3008,376,109,1423.79,3.6575,0,34.96,115.2
4824.31,12,5376.99,0.0,0,0.0,0.0,0.0,327,179,4824.31,1.1146,0,0.0,730.0
1069.52,12,1663.75,1069.52,14,100.0,345.19,2.4965,153,169,0.0,1.5556,1,82.39,20.3
1529.66,24,6989.4,1529.66,4,100.0,384.08,2.3667,393,31,0.0,4.5693,1,75.85,5.9
4389.06,6,7953.29,324.24,12,7.39,27.02,1.0892,225,25,4064.82,1.8121,0,16.45,722.3
4376.21,24,3235.94,836.36,7,19.11,119.48,3.0497,370,24,3539.85,0.7394,0,27.43,291.2
3918.66,6,8586.07,2536.45,7,64.73,362.35,0.4185,333,74,1382.21,2.1911,1,46.29,0.0
4224.9,9,9070.82,822.32,4,19.46,205.58,3.7047,24,22,3402.58,2.147,0,34.65,157.9
3347.8,3,2841.35,3347.8,27,100.0,337.99,1.3707,226,56,0.0,0.8487,1,81.0,0.0
1660.43,12,9836.86,1492.32,8,89.88,186.54,0.5983,501,179,168.11,5.9243,1,64.06,18.5
2205.04,6,1493.04,0.0,0,0.0,0.0,0.0,556,125,2205.04,0.6771,0,6.94,719.4
1253.27,24,2099.96,288.51,3,23.02,96.17,0.2656,192,86,964.76,1.6756,0,17.1,730.0
5469.01,9,1923.83,287.9,2,5.26,143.95,2.77,279,30,5181.11,0.3518,0,19.19,398.3
3583.67,6,8950.5,310.6,1,8.67,310.6,3.6206,476,63,3273.07,2.4976,0,27.17,72.3
2524.94,24,6577.5,1595.44,7,63.19,227.92,3.3653,879,198,929.5,2.605,1,57.41,0.0
2879.63,12,1605.83,2879.63,22,100.0,391.67,0.5967,621,32,0.0,0.5577,1,71.24,14.2
5694.24,12,4459.2,3433.92,8,60.31,429.24,0.5925,528,1,2260.32,0.7831,1,47.3,0.0
1089.44,18,6191.45,279.99,1,25.7,279.99,3.2724,551,17,809.45,5.6831,0,36.9,26.9
3600.13,3,926.29,3600.13,13,100.0,383.97,3.7046,476,174,0.0,0.2573,1,91.5,0.0
3134.15,18,8835.92,2175.03,13,69.4,167.31,1.8966,314,160,959.12,2.8192,1,64.41,35.2
3746.43,9,8055.68,657.57,3,17.55,219.19,2.046,153,83,3088.86,2.1502,0,24.5,245.3
305.04,6,5101.55,305.04,29,100.0,362.13,1.3412,120,34,0.0,16.7242,1,77.35,29.3
5258.32,9,9674.55,1026.9,5,19.53,205.38,3.5876,241,178,4231.42,1.8399,1,37.93,0.0
5606.29,24,4235.83,3024.8,10,53.95,302.48,2.6151,700,113,2581.49,0.7555,1,48.85,0.0
3477.77,12,9842.69,217.96,2,6.27,108.98,1.2242,593,145,3259.81,2.8302,0,21.96,714.4
4240.57,18,6712.41,2155.23,7,50.82,307.89,1.2653,731,109,2085.34,1.5829,0,37.74,191.3
5550.5,18,6383.25,867.06,2,15.62,433.53,3.5757,741,87,4683.44,1.15,0,32.06,109.3